Artifact,ID,Superpopulation,Population,Name,Gender,QuoteDescript,Note,Function1,Function2,Function3,Mat.1,SpecificMat.1,Traded.1,TaphSig.1,Optional.1,Supposition.1,Mat.2,SpecificMat.2,Traded.2,TaphSig.2,Optional.2,Supposition.2,Mat.3,SpecificMat.3,Traded.3,TaphSig.3,Optional.3,Supposition.3,Mat.4,SpecificMat.4,Traded.4,TaphSig.4,Optional.4,Supposition.4,Mat.5,SpecificMat.5,Traded.5,TaphSig.5,Optional.5,Supposition.5,Mat.6,SpecificMat.6,Traded.6,TaphSig.6,Optional.6,Supposition.6,Mat.7,SpecificMat.7,Traded.7,TaphSig.7,Optional.7,Supposition.7,Mat.8,SpecificMat.8,Traded.8,TaphSig.8,Optional.8,Supposition.8,Mat.9,SpecificMat.9,Traded.9,TaphSig.9,Optional.9,Supposition.9,Citation1,PageRange1,Citation2,PageRange2,Symbolism,Contemp
Fletched Iron Arrow,H1,Hadza,Hadza,!anako a daniko,1,,,Hunting Weapon,,,Wood,Typically Grewia,0,0,0,0,Iron,,1,1,1,0,Feather,Guinea Fowl,0,0,0,0,Sap/Plant Extract,Poison,0,0,1,0,Sinew,Ligament,0,0,1,0,Sap/Plant Extract,Resin Adhesive,0,0,0,0,Ash,,0,0,,0,Fat,,0,0,1,0,Leather,,0,0,1,0,"Marlowe, 2010",77,,,1,1
Fletched Wooden Arrow,H2,Hadza,Hadza,Hik'owa,1,,,Hunting Weapon,,,Wood,Typically Grewia,0,0,0,0,Feather,Guinea Fowl,0,0,0,0,Sinew,Ligament,0,0,0,0,Plant Fibre,Twine,0,0,,0,,,,,,,,,,,,,,,,,,,,,,,,,,,,,,,"Marlowe, 2010",77,,,1,1
Hunting Bow,H3,Hadza,Hadza,Ko,1,"""Young men often convert a hunting bow into a musical instrument"" - Woodburn 1970, p.14",,Hunting Weapon,Musical Instrument,,Wood,Typically Grewia,0,0,0,0,Sinew,Ligament,0,0,0,0,Leather,"Various animal skins- Zebra, Giraffe. Trophies.",0,0,1,0,Fat,,0,0,1,0,,,,,,,,,,,,,,,,,,,,,,,,,,,,,,,"Marlowe, 2010",77,,,1,1
Quiver,H4,Hadza,Hadza,Tl'angase ,1,,,Storage and Transport,,,Leather,,0,0,0,0,Bark,Bark Thread,0,0,0,0,,,,,,,,,,,,,,,,,,,,,,,,,,,,,,,,,,,,,,,,,,,"Marlowe, 2010","78, 83-84",,,1,1
Spear,H5,Hadza,Hadza,,1,,Kohl-Larsen text unavailabe in English. Unclear if wooden only or wood with traded iron. Used to kill hippos.,Hunting Weapon,,,Wood,,0,0,0,1,Iron,,1,1,1,1,,,,,,,,,,,,,,,,,,,,,,,,,,,,,,,,,,,,,,,,,,,"Kohl-Larsen, 1958",,,,0,0
Poison Applicator Stick,H6,Hadza,Hadza,,1,,,Material Preperation,,,Wood,,0,0,0,0,,,,,,,,,,,,,,,,,,,,,,,,,,,,,,,,,,,,,,,,,,,,,,,,,"Smith, 1977",,"Marlowe, 2010",78,0,1
Poison,H7,Hadza,Hadza,Kalakasy,1,,,Hunting Weapon,,,Sap/Plant Extract,,1,0,0,0,,,,,,,,,,,,,,,,,,,,,,,,,,,,,,,,,,,,,,,,,,,,,,,,,"Marlowe, 2010",89,,,0,1
Poison,H8,Hadza,Hadza,Panjube,1,,,Hunting Weapon,,,Sap/Plant Extract,,0,0,0,0,,,,,,,,,,,,,,,,,,,,,,,,,,,,,,,,,,,,,,,,,,,,,,,,,"Marlowe, 2010",89,,,0,1
Poison,H9,Hadza,Hadza,Shanjo,1,,,Hunting Weapon,,,Sap/Plant Extract,,0,0,0,0,,,,,,,,,,,,,,,,,,,,,,,,,,,,,,,,,,,,,,,,,,,,,,,,,"Marlowe, 2010",89,,,0,1
Climbing Pegs,H10,Hadza,Hadza,//ho//ohoko,1,,First observed in 1890. Potentially earliest written record of Hadza.,Climbing,,,Wood,,0,0,0,0,,,,,,,,,,,,,,,,,,,,,,,,,,,,,,,,,,,,,,,,,,,,,,,,,"Marlowe, 2010",29; 116,,,0,1
Iron Digging Stick,H11,Hadza,Hadza,Ts'apale,0,,,Extractive Foraging,,,Wood,,0,0,0,0,Iron,,1,1,0,0,,,,,,,,,,,,,,,,,,,,,,,,,,,,,,,,,,,,,,,,,,,"Marlowe, 2010",,,,0,1
Digging Stick,H12,Hadza,Hadza,Ts'apale,0,,,Extractive Foraging,,,Wood,,0,0,0,0,,,,,,,,,,,,,,,,,,,,,,,,,,,,,,,,,,,,,,,,,,,,,,,,,"Marlowe, 2010",83-84,,,0,1
Knife,H13,Hadza,Hadza,Itl'ako,2,,,Material Preperation,Extractive Foraging,Food Processing,Wood,,0,0,0,0,Iron,,1,1,0,0,,,,,,,,,,,,,,,,,,,,,,,,,,,,,,,,,,,,,,,,,,,"Marlowe, 2010",,,,0,1
Sheath,H14,Hadza,Hadza,Shapoko,1,,Personal observation implies stitching. Probably bark thread. Also possibly ligament thread though bark confirmed in Lars Smith source. Thread type listed as supposition.,Tool Holder,,,Leather,,0,0,0,0,Bark,Bark Thread,0,0,0,1,,,,,,,,,,,,,,,,,,,,,,,,,,,,,,,,,,,,,,,,,,,"Marlowe, 2010",83-84,,,1,1
Iron Axe,H15,Hadza,Hadza,Ato,1,,https://www.britishmuseum.org/collection/object/E_Af1970-12-41,Extractive Foraging,Material Preperation,Food Processing,Wood,,0,0,0,0,Iron,,1,1,0,0,,,,,,,,,,,,,,,,,,,,,,,,,,,,,,,,,,,,,,,,,,,"Marlowe, 2010",83-84,,,0,1
Bark Twine,H16,Hadza,Hadza,,,,,Binding/Adhesive,,,Bark,,0,0,0,0,,,,,,,,,,,,,,,,,,,,,,,,,,,,,,,,,,,,,,,,,,,,,,,,,"Marlowe, 2010",,,,0,1
Chisel,H17,Hadza,Hadza,,1,,,Material Preperation,,,Iron,,1,1,0,0,,,,,,,,,,,,,,,,,,,,,,,,,,,,,,,,,,,,,,,,,,,,,,,,,"Marlowe, 2010",,,,0,1
Hammer Stone,H18,Hadza,Hadza,Ha'!ako,,,,Food Processing,Material Preperation,,Stone,,0,1,0,0,,,,,,,,,,,,,,,,,,,,,,,,,,,,,,,,,,,,,,,,,,,,,,,,,"Marlowe, 2010",78,,,0,1
Fire Drill,H19,Hadza,Hadza,Miseko,,,,Fire Starter,,,Wood,,0,0,0,0,,,,,,,,,,,,,,,,,,,,,,,,,,,,,,,,,,,,,,,,,,,,,,,,,"Marlowe, 2010",,"Woodburn, 1972",,0,1
Hearth,H20,Hadza,Hadza,,,,,Food Processing,Thermoregulation,Illumination,Wood,,0,0,0,0,Stone,,0,0,0,0,,,,,,,,,,,,,,,,,,,,,,,,,,,,,,,,,,,,,,,,,,,"Marlowe, 2010",,,,0,1
Ritual Ostritch Headdress,H21,Hadza,Hadza,Kimbakubi,1,,https://www.britishmuseum.org/collection/object/E_Af1970-12-103,Ritual,Jewelry/Adornment,,Feather,,0,0,0,0,Leather,,0,0,0,0,Glass,Various bead types,1,1,1,0,,,,,,,,,,,,,,,,,,,,,,,,,,,,,,,,,,,,,"Woodburn, 1970",,"Marlowe, 2010",59,1,1
Ritual Cape,H22,Hadza,Hadza,,1,,"Mentioned by Marlowe but no record of the material. Could not find mention elsewhere, despite searching. Probably leather but little information to infer, thus excluded from analysis.",Ritual,Jewelry/Adornment,,,,,,,,,,,,,,,,,,,,,,,,,,,,,,,,,,,,,,,,,,,,,,,,,,,,,,,,"Marlowe, 2010",59,,,1,1
Maracas,H23,Hadza,Hadza,Sengeno,1,,,Ritual,Musical Instrument,,Gourd,,0,0,0,0,Seed/Nut,,0,0,0,0,,,,,,,,,,,,,,,,,,,,,,,,,,,,,,,,,,,,,,,,,,,"Marlowe, 2010",59,,,1,1
Bells,H24,Hadza,Hadza,!ingiri,1,,,Ritual,Musical Instrument,,Metal,,1,1,0,0,Leather,,0,0,0,0,,,,,,,,,,,,,,,,,,,,,,,,,,,,,,,,,,,,,,,,,,,"Woodburn, 1970",56,,,1,1
Fertility Stick,H25,Hadza,Hadza,Nalichanda,0,,,Ritual,,,Wood,,0,0,0,0,,,,,,,,,,,,,,,,,,,,,,,,,,,,,,,,,,,,,,,,,,,,,,,,,"Skaanes, 2015",,,,1,1
Needle,H26,Hadza,Hadza,,,,Wooden or shell needle both possible and plausible - but could find no evidence,Material Preperation,,,Steel,,1,1,0,0,,,,,,,,,,,,,,,,,,,,,,,,,,,,,,,,,,,,,,,,,,,,,,,,,"Stibbard Hawkes, Personal Observation",,,,0,1
Cooking Pot,H27,Hadza,Hadza,,,,,Food Processing,,,Iron,,1,1,0,0,,,,,,,,,,,,,,,,,,,,,,,,,,,,,,,,,,,,,,,,,,,,,,,,,"Stibbard Hawkes, Personal Observation",,,,0,1
Anvil,H28,Hadza,Hadza,,,,,Food Processing,Material Preperation,,Stone,,0,1,0,0,,,,,,,,,,,,,,,,,,,,,,,,,,,,,,,,,,,,,,,,,,,,,,,,,"Stibbard Hawkes, Personal Observation",,,,0,1
Sleeping Hide,H29,Hadza,Hadza,Sha'ashoko,2,,,Sleeping Surface,,,Leather,,0,0,0,0,,,,,,,,,,,,,,,,,,,,,,,,,,,,,,,,,,,,,,,,,,,,,,,,,"Stibbard Hawkes, Personal Observation",,,,0,1
Pod Beads,H30,Hadza,Hadza,,2,,Marlowe suggests potential alternative to glass beads. Also potentially used in tamdem in BM exhibit: ,Jewelry/Adornment,,,Seed/Nut,Acacia seed pod,0,0,0,0,,,,,,,,,,,,,,,,,,,,,,,,,,,,,,,,,,,,,,,,,,,,,,,,,"Marlowe, 2010",94,"Woodburn, 1970",,1,0
Glass Beads,H31,Hadza,Hadza,,2,,,Jewelry/Adornment,,,Glass,,1,1,0,0,,,,,,,,,,,,,,,,,,,,,,,,,,,,,,,,,,,,,,,,,,,,,,,,,"Marlowe, 2010",,,,1,1
Plastic Beads,H32,Hadza,Hadza,,2,,,Jewelry/Adornment,,,Plastic,,1,1,0,0,,,,,,,,,,,,,,,,,,,,,,,,,,,,,,,,,,,,,,,,,,,,,,,,,Stibbard Hawkes,,,,1,1
Ear Ornaments,H33,Hadza,Hadza,,,,,Jewelry/Adornment,,,Paper,,1,0,0,0,,,,,,,,,,,,,,,,,,,,,,,,,,,,,,,,,,,,,,,,,,,,,,,,,"Bleek, 1931",,,,1,0
Bronze Ring,H34,Hadza,Hadza,,2,,,Jewelry/Adornment,,,Copper,,1,1,0,0,,,,,,,,,,,,,,,,,,,,,,,,,,,,,,,,,,,,,,,,,,,,,,,,,"Bleek, 1931",,,,1,0
Bracelet,H35,Hadza,Hadza,,2,,,Jewelry/Adornment,,,Brass,,1,1,0,0,,,,,,,,,,,,,,,,,,,,,,,,,,,,,,,,,,,,,,,,,,,,,,,,,"Larsen, 1958",,,,1,0
Leather Caross,H36,Hadza,Hadza,,,,,Clothing,,,Leather,,0,0,0,0,,,,,,,,,,,,,,,,,,,,,,,,,,,,,,,,,,,,,,,,,,,,,,,,,"Marlowe, 2010",,,,1,0
Leather Skirt,H37,Hadza,Hadza,,,,,Clothing,,,Leather,,0,0,0,0,,,,,,,,,,,,,,,,,,,,,,,,,,,,,,,,,,,,,,,,,,,,,,,,,"Marlowe, 2010",,,,1,0
Apron,H38,Hadza,Hadza,,0,,Modesty Apron. Leather material supposed but probable.,Clothing,,,Leather,,0,0,0,1,,,,,,,,,,,,,,,,,,,,,,,,,,,,,,,,,,,,,,,,,,,,,,,,,"Marlowe, 2010",94,,,1,0
Shuka,H39,Hadza,Hadza,,1,,,Clothing,,,Cotton,,1,0,0,0,,,,,,,,,,,,,,,,,,,,,,,,,,,,,,,,,,,,,,,,,,,,,,,,,"Stibbard Hawkes, Personal Observation",,,,1,1
Kanga,H40,Hadza,Hadza,Kanga,0,,,Clothing,,,Cotton,,1,0,0,0,,,,,,,,,,,,,,,,,,,,,,,,,,,,,,,,,,,,,,,,,,,,,,,,,"Stibbard Hawkes, Personal Observation",,,,1,1
Western Clothing,H41,Hadza,Hadza,,,,,Clothing,,,Cotton,Various other textiles,1,0,0,0,,,,,,,,,,,,,,,,,,,,,,,,,,,,,,,,,,,,,,,,,,,,,,,,,"Stibbard Hawkes, Personal Observation",,,,0,1
Bag,H42,Hadza,Hadza,,,,,Storage and Transport,,,Leather,Impala or Dik Dik,0,0,0,0,Bark,Bark Thread,0,0,0,0,Wax,Beeswax,0,0,1,0,,,,,,,,,,,,,,,,,,,,,,,,,,,,,,,,,,,,,"Marlowe, 2010",78,,,0,1
Woven Basket,H43,Hadza,Hadza,,,,,Storage and Transport,,,Grass/Reed,,0,0,0,0,,,,,,,,,,,,,,,,,,,,,,,,,,,,,,,,,,,,,,,,,,,,,,,,,"Stibbard Hawkes, Personal Observation",,,,0,1
Clay Pots,H44,Hadza,Hadza,,,,,Storage and Transport,,,Clay,,0,1,0,0,,,,,,,,,,,,,,,,,,,,,,,,,,,,,,,,,,,,,,,,,,,,,,,,,"Larsen, 1958",,,,0,1
Baobab Cup,H45,Hadza,Hadza,Tl'ok'oko,,,,Utensil,,,Fruit,Baobab Shell,0,0,0,0,,,,,,,,,,,,,,,,,,,,,,,,,,,,,,,,,,,,,,,,,,,,,,,,,"Larsen, 1958",,,,0,1
Gourd Pot With Handle,H46A,Hadza,Hadza,﻿A’untenakwete,,,"Used both for storage and transport. Alternative decorated beaded gourd used in symbolic contexts (storing fat, dancing). Often intricately carved in both contexts.",Storage and Transport,,,Gourd,,0,0,0,0,Plant Fibre,Twine,0,0,1,0,,,,,,,,,,,,,,,,,,,,,,,,,,,,,,,,,,,,,,,,,,,"Marlowe, 2010",76;78;92-93,"Stibbard Hawkes, 2014, Personal Observation",,1,1
Ritual Gourd Pot,H46B,Hadza,Hadza,,,,https://www.britishmuseum.org/collection/object/E_Af1970-12-107,Ritual,,,Gourd,,0,0,0,0,Plant Fibre,Twine,0,0,1,1,Glass,,1,1,1,0,Sinew,Ligament,0,0,0,1,,,,,,,,,,,,,,,,,,,,,,,,,,,,,,,"Woodburn, 1970",,,,1,1
Musical Bow (Wire),H47B,Hadza,Hadza,,,,Marlowe suggests that 'the voice is the only native Hadza instrument' and  that others are borrowings.,Musical Instrument,,,Wood,,0,0,0,0,Wire,,1,1,0,0,,,,,,,,,,,,,,,,,,,,,,,,,,,,,,,,,,,,,,,,,,,"Marlowe, 2010",67,,,1,1
Mud Doll,H48A,Hadza,Hadza,Olanakwete ,0,,,Ritual,Toy/Game,,Mud/Soil,,0,0,0,9,Ash,,0,0,,,,,,,,,,,,,,,,,,,,,,,,,,,,,,,,,,,,,,,,,,,,,"Skaanes, 2015",,,,1,1
Cloth Doll,H48B,Hadza,Hadza,,0,,"Stone apparently unaltered, although it would preserve, it would probably not leave a clear archaeological signature",Ritual,,,Cloth,,1,0,0,0,Glass,,1,1,1,0,Stone,,0,1,0,0,,,,,,,,,,,,,,,,,,,,,,,,,,,,,,,,,,,,,"Woodburn, 1970",,,,1,1
Stone Pipe,H49,Hadza,Hadza,,,,,Imbibe Drug,,,Stone,,0,1,0,0,,,,,,,,,,,,,,,,,,,,,,,,,,,,,,,,,,,,,,,,,,,,,,,,,"Woodburn, 1970",34,,,0,1
Wood Pipe,H50,Hadza,Hadza,Peha,,,,Imbibe Drug,,,Wood,,0,0,0,0,,,,,,,,,,,,,,,,,,,,,,,,,,,,,,,,,,,,,,,,,,,,,,,,,"Woodburn, 1970",34,,,0,1
Dwelling,H51,Hadza,Hadza,,,,,Shelter,,,Wood,,0,0,0,0,Grass/Reed,,0,0,0,0,,,,,,,,,,,,,,,,,,,,,,,,,,,,,,,,,,,,,,,,,,,"Marlowe, 2010",,,,0,1
Gambling Chips,H52,Hadza,Hadza,,1,,,Toy/Game,,,Wood,,0,0,0,0,,,,,,,,,,,,,,,,,,,,,,,,,,,,,,,,,,,,,,,,,,,,,,,,,"Woodburn, 1964",,,,0,1
Cooking Pot,H54,Hadza,Hadza,,,,,Food Processing,,,Aluminum,,1,1,0,0,,,,,,,,,,,,,,,,,,,,,,,,,,,,,,,,,,,,,,,,,,,,,,,,,"Stibbard Hawkes, Personal Observation",,,,0,1
Shell Pot (Poison Mixing),H55,Hadza,Hadza,,1,,,Material Preperation,,,Shell,,0,2,0,0,,,,,,,,,,,,,,,,,,,,,,,,,,,,,,,,,,,,,,,,,,,,,,,,,"Marlowe, 2010",,,,0,1
Hide Drying Peg,H56,Hadza,Hadza,,,,,Material Preperation,,,Wood,,0,0,0,0,,,,,,,,,,,,,,,,,,,,,,,,,,,,,,,,,,,,,,,,,,,,,,,,,"Stibbard Hawkes, 2014, Personal Observation",,,,0,1
Baobab Pot (Poison Mixing),H57,Hadza,Hadza,,1,,,Material Preperation,,,Fruit,Baobab Shell,0,0,0,0,,,,,,,,,,,,,,,,,,,,,,,,,,,,,,,,,,,,,,,,,,,,,,,,,"Marlowe, 2010",,,,0,1
Wooden Torch,H58,Hadza,Hadza,,,,,Extractive Foraging,,,Wood,,0,0,0,0,,,,,,,,,,,,,,,,,,,,,,,,,,,,,,,,,,,,,,,,,,,,,,,,,"Marlowe, 2010",78;116,,,0,1
Thorn Door,H59,Hadza,Hadza,Tl'atako,,,"Material not specified by Smith, but confirmed from personal observation.",Shelter,,,Wood,,0,0,0,0,,,,,,,,,,,,,,,,,,,,,,,,,,,,,,,,,,,,,,,,,,,,,,,,,"Smith, 1977",,,,0,1
Bird Nest Stick,H60,Hadza,Hadza,,,,,Extractive Foraging,,,Wood,,0,0,0,0,,,,,,,,,,,,,,,,,,,,,,,,,,,,,,,,,,,,,,,,,,,,,,,,,"Marlowe, 2010",78,,,0,1
Thorn Toothpick,H61,Hadza,Hadza,,,,,Grooming/Hygiene,,,Wood,,0,0,0,0,,,,,,,,,,,,,,,,,,,,,,,,,,,,,,,,,,,,,,,,,,,,,,,,,"Marlowe, 2010",78,,,0,1
Stone Projectile,H62,Hadza,Hadza,,,,,Hunting Weapon,,,Stone,,0,0,0,0,,,,,,,,,,,,,,,,,,,,,,,,,,,,,,,,,,,,,,,,,,,,,,,,,"Marlowe, 2010",78,,,0,1
Honey Extration Twig,H63,Hadza,Hadza,,,,,Extractive Foraging,,,Wood,,0,0,0,0,,,,,,,,,,,,,,,,,,,,,,,,,,,,,,,,,,,,,,,,,,,,,,,,,"Marlowe, 2010",78,,,0,1
Toothbrush Twig,H64,Hadza,Hadza,,2,,,Grooming/Hygiene,,,Wood,,0,0,0,0,,,,,,,,,,,,,,,,,,,,,,,,,,,,,,,,,,,,,,,,,,,,,,,,,"Stibbard Hawkes, 2014, Personal Observation",,,,0,1
Skipping Rope,H65,Hadza,Hadza,,,,,Toy/Game,,,Cotton,,1,0,0,0,,,,,,,,,,,,,,,,,,,,,,,,,,,,,,,,,,,,,,,,,,,,,,,,,"Stibbard Hawkes, 2014, Personal Observation",,,,0,1
Bird Snare,H66,Hadza,Hadza,,,,https://www.britishmuseum.org/collection/object/E_Af1970-12-77,Hunting Trap,,,Sinew,Ligament,0,0,0,0,Fur,"""Animal hair""",0,0,0,0,,,,,,,,,,,,,,,,,,,,,,,,,,,,,,,,,,,,,,,,,,,"Woodburn, 1970",,,,0,1
Pangolin Scale Necklace,H67,Hadza,Hadza,,,"""Worn as treatment for pain in the chest or for… spitting of blood.",Lion Ward and analgesic. Medical magic. https://www.britishmuseum.org/collection/object/E_Af1970-12-97,Jewelry/Adornment,Medical Magic,,Scale,Pangolin Scale,0,2,1,0,Leather,,0,0,0,1,Glass,,1,1,1,0,,,,,,,,,,,,,,,,,,,,,,,,,,,,,,,,,,,,,"Woodburn, 1970",,,,1,1
Tuber and Bead Necklace,H68,Hadza,Hadza,,,,https://www.britishmuseum.org/collection/object/E_Af1970-12-99,Jewelry/Adornment,,,Glass,,1,1,0,0,Leather,,0,0,0,1,,,,,,,,,,,,,,,,,,,,,,,,,,,,,,,,,,,,,,,,,,,"Woodburn, 1970",,,,1,1
Bead Necklace,H69,Hadza,Hadza,,,,https://www.britishmuseum.org/collection/object/E_Af1970-12-95,Jewelry/Adornment,,,Glass,,1,1,0,0,Leather,,0,0,0,0,,,,,,,,,,,,,,,,,,,,,,,,,,,,,,,,,,,,,,,,,,,"Woodburn, 1970",,,,1,1
Bead Arm-band,H70,Hadza,Hadza,,,,https://www.britishmuseum.org/collection/object/E_Af1970-12-93,Jewelry/Adornment,,,Glass,,1,1,0,0,Leather,,0,0,0,1,,,,,,,,,,,,,,,,,,,,,,,,,,,,,,,,,,,,,,,,,,,"Woodburn, 1970",,,,1,1
Bead Head-band,H71,Hadza,Hadza,,,,https://www.britishmuseum.org/collection/object/E_Af1970-12-92,Jewelry/Adornment,,,Glass,,1,1,0,0,Leather,,0,0,0,1,,,,,,,,,,,,,,,,,,,,,,,,,,,,,,,,,,,,,,,,,,,"Woodburn, 1970",,,,1,1
Child's Rattle,H72,Hadza,Hadza,Lumeko,,,https://www.britishmuseum.org/collection/object/E_Af1970-12-80,Toy/Game,,,Fruit,Baobab Shell,0,0,0,0,Seed/Nut,Baobab seeds,0,0,0,0,,,,,,,,,,,,,,,,,,,,,,,,,,,,,,,,,,,,,,,,,,,"Smith, 1977",,"Woodburn, 1970",47,1,
Spinning Top,H73,Hadza,Hadza,Tanga,,"""Spun on a hide sleeping mat, the only suitable surface nromally available"" - Woodburn 1970 p47","Lars Smith, no material described, assume whittled wood as worked stone highly improbable",Toy/Game,,,Fruit,Tankgako fruit (unidientified),0,0,0,0,Wood,,0,0,0,1,,,,,,,,,,,,,,,,,,,,,,,,,,,,,,,,,,,,,,,,,,,"Smith, 1977",,"Woodburn, 1970",47,1,
Propeller Toy/Game,H74,Hadza,Hadza,Fufuko,,,https://www.britishmuseum.org/collection/object/E_Af1970-12-79,Toy/Game,,,Wood,,0,0,0,0,Cloth,,1,0,0,0,,,,,,,,,,,,,,,,,,,,,,,,,,,,,,,,,,,,,,,,,,,"Smith, 1977",,"Woodburn, 1970",47,1,
Horn Cup,H75,Hadza,Hadza,Gunindako,,,Analgesic,Medical Tool,,,Horn,,0,2,0,0,,,,,,,,,,,,,,,,,,,,,,,,,,,,,,,,,,,,,,,,,,,,,,,,,"Smith, 1977",,"Woodburn, 1970",50-53,0,
Tire Sandals,H76,Hadza,Hadza,Tai'pe,,,Lars smith name hard to read. Maybe missing letter.,Clothing,,,Tire,,1,1,0,0,,,,,,,,,,,,,,,,,,,,,,,,,,,,,,,,,,,,,,,,,,,,,,,,,"Smith, 1977",,"Marlowe, 2010",94,0,
Leather Sandals,H77,Hadza,Hadza,Kwatl'ape,,,,Clothing,,,Leather,Impala,0,0,0,0,,,,,,,,,,,,,,,,,,,,,,,,,,,,,,,,,,,,,,,,,,,,,,,,,"Smith, 1977",,"Marlowe, 2010",94,0,
Awl (Iron),H78,Hadza,Hadza,Locheko,,,"Almost certain to be non-iron alternative, but BM piece only documented example https://www.britishmuseum.org/collection/object/E_Af1970-12-54",Material Preperation,,,Wood,,1,1,0,0,Iron,,1,1,0,0,,,,,,,,,,,,,,,,,,,,,,,,,,,,,,,,,,,,,,,,,,,"Woodburn, 1970",,"Smith, 1977",,0,
Clam Spoon,H79,Hadza,Hadza,Ts'ako,,,"Assumed to be a spoon made of clam shell, rather than a spoon for eating clams!",Utensil,,,Shell,Clam Shell,0,2,0,0,,,,,,,,,,,,,,,,,,,,,,,,,,,,,,,,,,,,,,,,,,,,,,,,,"Smith, 1977",,,,0,
Infant Sling,H80,Hadza,Hadza,,,,,Storage and Transport,,,Leather,Impala,0,0,0,0,,,,,,,,,,,,,,,,,,,,,,,,,,,,,,,,,,,,,,,,,,,,,,,,,"Marlowe, 2010",94,,,0,
Glue/Adhesive,H81,Hadza,Hadza,Lelako,,,,Binding/Adhesive,,,Sap/Plant Extract,Resin,0,0,0,0,,,,,,,,,,,,,,,,,,,,,,,,,,,,,,,,,,,,,,,,,,,,,,,,,"Marlowe, 2010",84,"Smith, 1977",,0,
Whetstone,H82,Hadza,Hadza,,,,,Material Preperation,,,Stone,,0,1,0,0,,,,,,,,,,,,,,,,,,,,,,,,,,,,,,,,,,,,,,,,,,,,,,,,,"Marlowe, 2010",84,,,0,
Bone Beads,H83,Hadza,Hadza,,,,,Jewelry/Adornment,,,Bone,Baboon Fingers and Toes,0,1,0,0,,,,,,,,,,,,,,,,,,,,,,,,,,,,,,,,,,,,,,,,,,,,,,,,,"Marlowe, 2010",94,,,1,
Twig Beads,H84,Hadza,Hadza,,,"""Little Hollow Sticks""",,Jewelry/Adornment,,,Wood,,0,0,0,0,,,,,,,,,,,,,,,,,,,,,,,,,,,,,,,,,,,,,,,,,,,,,,,,,"Marlowe, 2010",94,,,1,
Leather Belt,H85,Hadza,Hadza,Ta/e,,,,Clothing,Storage and Transport,,Leather,,0,0,0,0,,,,,,,,,,,,,,,,,,,,,,,,,,,,,,,,,,,,,,,,,,,,,,,,,"Marlowe, 2010",72,,,0,
Leather Loincloth,H85,Hadza,Hadza,Goyogoda,,,Gennet skin hunt from belt in front of genitals,Clothing,,,Leather,Genet skin,0,0,0,0,,,,,,,,,,,,,,,,,,,,,,,,,,,,,,,,,,,,,,,,,,,,,,,,,"Woodburn, 1970",47,,,1,0
Cotton Loincloth,H86,Hadza,Hadza,,,,,Clothing,,,Cloth,,1,0,0,0,,,,,,,,,,,,,,,,,,,,,,,,,,,,,,,,,,,,,,,,,,,,,,,,,"Woodburn, 1970",48,,,1,
Eggshell beads,H87,Hadza,Hadza,,,"""The Eastern Hadza used to wear ostrich eggshell beads some years ago… the western hadza do… occasionally"" - Woodburn 1970, p.50",,Jewelry/Adornment,,,Egg Shell,Ostritch Egg Shell,0,2,0,0,,,,,,,,,,,,,,,,,,,,,,,,,,,,,,,,,,,,,,,,,,,,,,,,,"Woodburn, 1970",50,,,1,0
Medicinal Ritual Wood,H88,Hadza,Hadza,Tsiatoko,0,"""They are worn by men or women as a treatment for eye pain, pain in the chest or painful pregnancy""",,Medical Magic,Jewelry/Adornment,,Wood,,0,0,0,0,Blood,Game animal,0,0,0,0,,,,,,,,,,,,,,,,,,,,,,,,,,,,,,,,,,,,,,,,,,,"Woodburn, 1970",57,,,1,
Eggshell beads,D1,Namibia/Botswana Foragers,Dobe Ju/'Hoansi,,,,"Ju/'Hoansi record in Lee text substantially incomplete so excluded from analysis. Though retired, certain members of the Kalahari research group still very active and if of interest suggest contacting Richard or others as fuller record would be valuable.
",Jewelry/Adornment,,,Egg Shell,Ostritch Egg Shell,0,2,0,0,,,,,,,,,,,,,,,,,,,,,,,,,,,,,,,,,,,,,,,,,,,,,,,,,"Lee, 1984",99,,,1,1
Glass Beads,D2,Namibia/Botswana Foragers,Dobe Ju/'Hoansi,,,,,Jewelry/Adornment,,,Glass,,1,1,0,0,,,,,,,,,,,,,,,,,,,,,,,,,,,,,,,,,,,,,,,,,,,,,,,,,"Lee, 1984",99,,,1,1
Red Ointment,D3,Namibia/Botswana Foragers,Dobe Ju/'Hoansi,,,,,Ritual,,,,,,,,,,,,,,,,,,,,,,,,,,,,,,,,,,,,,,,,,,,,,,,,,,,,,,,,,"Lee, 1984",78,,,1,
Springhare Probe (Metal),D4,Namibia/Botswana Foragers,Dobe Ju/'Hoansi,,,"""A thirteen-foot-long pole with an iron hook at the end, for probing springhare burrows and impaling the animal underground. The burrow is then excavated with a digging stick to retrieve the kill""",,Extractive Foraging,,,Wood,,0,0,0,0,Iron,,1,1,0,0,Plant Fibre,,0,0,0,1,,,,,,,,,,,,,,,,,,,,,,,,,,,,,,,,,,,,,"Lee, 1984",45-47,,,0,1
Rope Snare,D5,Namibia/Botswana Foragers,Dobe Ju/'Hoansi,,,"""A man surveys an area of bush for fresh tracks, then he lays down an unobtrustive line of brush to accustom the animal to cross at certain gaps. The snares are made of rope rope from local fibre plants with a delicate wooden trigger attached to a bent-over sapling.""",,Hunting Trap,,,Wood,Sapling,0,0,,,Grass/Reed,"Brush, Foliage, Camoflage",0,0,0,0,Wood,,0,0,0,0,Plant Fibre,,0,0,0,0,,,,,,,,,,,,,,,,,,,,,,,,,,,,,,,"Lee, 1984",45-47,,,0,1
Wooden Arrow,D6,Namibia/Botswana Foragers,Dobe Ju/'Hoansi,,,,,Hunting Weapon,,,Wood,,,0,,,Plant Fibre,"Implied by figure, not listed",0,0,0,1,,,,,,,,,,,,,,,,,,,,,,,,,,,,,,,,,,,,,,,,,,,"Lee, 1984",45-47,,,1,1
Iron Arrow,D7,Namibia/Botswana Foragers,Dobe Ju/'Hoansi,,,,,Hunting Weapon,,,,,,,,,,,,,,,,,,,,,,,,,,,,,,,,,,,,,,,,,,,,,,,,,,,,,,,,,"Lee, 1984",45-47,,,1,1
Quiver,D8,Namibia/Botswana Foragers,Dobe Ju/'Hoansi,,,,,Storage and Transport,,,,,,,,,,,,,,,,,,,,,,,,,,,,,,,,,,,,,,,,,,,,,,,,,,,,,,,,,"Lee, 1984",45-47,,,0,1
Club,D9,Namibia/Botswana Foragers,Dobe Ju/'Hoansi,,,,,Hunting Weapon,,,,,,,,,,,,,,,,,,,,,,,,,,,,,,,,,,,,,,,,,,,,,,,,,,,,,,,,,"Lee, 1984",45-47,,,0,
Spear,D10,Namibia/Botswana Foragers,Dobe Ju/'Hoansi,,,,,Hunting Weapon,,,Wood,,,0,,,Iron,,1,1,0,0,,,,,,,,,,,,,,,,,,,,,,,,,,,,,,,,,,,,,,,,,,,"Lee, 1984",45-47,,,0,
Digging Stick,D11,Namibia/Botswana Foragers,Dobe Ju/'Hoansi,,,,,Extractive Foraging,,,Wood,,,0,,,,,,,,,,,,,,,,,,,,,,,,,,,,,,,,,,,,,,,,,,,,,,,,,,,"Lee, 1984",38,,,0,
Bow,D12,Namibia/Botswana Foragers,Dobe Ju/'Hoansi,,,,,Hunting Weapon,,,Wood,,,0,,,Plant Fibre,,0,0,0,1,,,,,,,,,,,,,,,,,,,,,,,,,,,,,,,,,,,,,,,,,,,"Lee, 1984",45-47,,,0,
Women's Kaross,D13,Namibia/Botswana Foragers,Dobe Ju/'Hoansi,chi!kan,,"""Foremost among the carrying devices is the woman's caross…, a formidable one-piece combination garment-cum-carrying device that also does service as a sleeping blanket. The men manufacture these for the women from the hides of the female kudu, gemsbok, wildebeest or eland. This suede garment is worn draped over the wearer's back. Tied atthe waist wiith a leather thong, the lower half of the kaross conceals the wearer's backside and the upper half forms a pouch for carrying""",,Storage and Transport,Sleeping Surface,,Leather,,,0,,,,,,,,,,,,,,,,,,,,,,,,,,,,,,,,,,,,,,,,,,,,,,,,,,,"Lee, 1984",37-40,,,0,
Leather Bag,D14,Namibia/Botswana Foragers,Dobe Ju/'Hoansi,/tausi,,"""A variety of stury leather bags are made from the skins of the steenbok and duiker. Both men and women wear small ""handbags"" over the shoulder and under the armpit for keeping handy tobacco, fire-making kits, sewing materials, and other items. The women's bags are brightly decorated with beadwork.""",,Storage and Transport,,,Leather,,,0,,,,,,,,,,,,,,,,,,,,,,,,,,,,,,,,,,,,,,,,,,,,,,,,,,,"Lee, 1984",37-40,,,0,
Leather Bag With Bead Decorations,D15,Namibia/Botswana Foragers,Dobe Ju/'Hoansi,/tausi,,"""A variety of stury leather bags are made from the skins of the steenbok and duiker. Both men and women wear small ""handbags"" over the shoulder and under the armpit for keeping handy tobacco, fire-making kits, sewing materials, and other items. The women's bags are brightly decorated with beadwork.""",,Storage and Transport,Jewelry/Adornment,,Leather,,,0,,,Egg Shell,Ostritch Egg beads (alternatively glass or plastic),0,2,0,0,,,,,,,,,,,,,,,,,,,,,,,,,,,,,,,,,,,,,,,,,,,"Lee, 1984",37-40,,,1,
Baby Sling,D16,Namibia/Botswana Foragers,Dobe Ju/'Hoansi,,,"""For carrying a young infant, a mother employs a special leather baby carrier, tied around her waist and over her shoulders, that fits inside the kaross… This special baby carrier is lined with soft grasses and other absorband materials.""",,Storage and Transport,,,Leather,,,0,,,Grass/Reed,,0,0,0,0,,,,,,,,,,,,,,,,,,,,,,,,,,,,,,,,,,,,,,,,,,,"Lee, 1984",37-40,,,0,
Carrying Yoke,D17,Namibia/Botswana Foragers,Dobe Ju/'Hoansi,!garo,,"""The carrying yoke is easily made from a rough wooden branch. Full bags, nets, bundles of meat, and haunches of freshly killed game are slung from either end, and the load is shouldered by a man for the long trips between camps""",,Storage and Transport,,,Wood,,,0,,,,,,,,,,,,,,,,,,,,,,,,,,,,,,,,,,,,,,,,,,,,,,,,,,,"Lee, 1984",37-40,,,0,
Carrying Net,D18,Namibia/Botswana Foragers,Dobe Ju/'Hoansi,,,"""Men make an ingeniously intricate knotted net, called /wisi, for use as a carrying device. This wide-meshed net, 100 centimeters long and 40 centimeters aross, can be lined with long grass.""","Material not specified by lee in text, could plausibly be plant fibre as specified by Lee or alternatively processed sinew, as with G/ana net reported by .",Storage and Transport,,,Sinew,,,0,0,1,Grass/Reed,,0,0,0,0,,,,,,,,,,,,,,,,,,,,,,,,,,,,,,,,,,,,,,,,,,,"Lee, 1984",37-40,,,0,
Wooden Stirring Stick,D19,Namibia/Botswana Foragers,Dobe Ju/'Hoansi,,,,Presence Assumed from photograph on Lee (1984) p. 41,Food Processing,,,Wood,,,0,,,,,,,,,,,,,,,,,,,,,,,,,,,,,,,,,,,,,,,,,,,,,,,,,,,"Lee, 1984",,,,0,
Bow,G1,Namibia/Botswana Foragers,G/ana,,,,,Hunting Weapon,,,Wood,,0,0,0,0,Sinew,,0,0,0,0,,,,,,,,,,,,,,,,,,,,,,,,,,,,,,,,,,,,,,,,,,,"﻿Tanaka, 1979",,,,0,
Iron Arrow,G2,Namibia/Botswana Foragers,G/ana,,,,,Hunting Weapon,,,Wood,,0,0,0,0,Iron,,1,1,0,0,,,,,,,,,,,,,,,,,,,,,,,,,,,,,,,,,,,,,,,,,,,"﻿Tanaka, 1979",,,,1,
Spear,G3,Namibia/Botswana Foragers,G/ana,,,,,Hunting Weapon,,,Wood,,0,0,0,0,Iron,,1,1,0,0,,,,,,,,,,,,,,,,,,,,,,,,,,,,,,,,,,,,,,,,,,,"﻿Tanaka, 1979",,,,0,
Diamphidia Poison,G4,Namibia/Botswana Foragers,G/ana,,,,,Hunting Weapon,,,Insect,﻿Diamphidia simpiex Larvae,0,0,0,0,,,,,,,,,,,,,,,,,,,,,,,,,,,,,,,,,,,,,,,,,,,,,,,,,"﻿Tanaka, 1979",,,,0,
Rope Snare,G5,Namibia/Botswana Foragers,G/ana,,,,,Hunting Trap,,,Plant Fibre,,0,0,0,0,,,,,,,,,,,,,,,,,,,,,,,,,,,,,,,,,,,,,,,,,,,,,,,,,"﻿Tanaka, 1979",,,,0,
Iron Trap,G6,Namibia/Botswana Foragers,G/ana,,,,,Hunting Trap,,,Iron,,1,1,0,0,,,,,,,,,,,,,,,,,,,,,,,,,,,,,,,,,,,,,,,,,,,,,,,,,"﻿Tanaka, 1979",,,,0,
Springhare Hook (Steenbok),G7,Namibia/Botswana Foragers,G/ana,,,,,Extractive Foraging,,,Wood,,0,0,0,0,Horn,Steenbok Horn,0,1,0,0,,,,,,,,,,,,,,,,,,,,,,,,,,,,,,,,,,,,,,,,,,,"﻿Tanaka, 1979",,,,0,
Club,G8,Namibia/Botswana Foragers,G/ana,,,,,Hunting Weapon,,,Wood,,0,0,0,0,,,,,,,,,,,,,,,,,,,,,,,,,,,,,,,,,,,,,,,,,,,,,,,,,"﻿Tanaka, 1979",,,,0,
Digging Stick,G9,Namibia/Botswana Foragers,G/ana,,,,,Extractive Foraging,,,Wood,,0,0,0,0,,,,,,,,,,,,,,,,,,,,,,,,,,,,,,,,,,,,,,,,,,,,,,,,,"﻿Tanaka, 1979",,,,0,
Drinking Straw,G10,Namibia/Botswana Foragers,G/ana,,,,,Utensil,,,Stalk,,0,0,0,0,,,,,,,,,,,,,,,,,,,,,,,,,,,,,,,,,,,,,,,,,,,,,,,,,"﻿Tanaka, 1979",,,,0,
Quiver,G11,Namibia/Botswana Foragers,G/ana,,,,,Storage and Transport,,,Wood,,0,0,0,0,,,,,,,,,,,,,,,,,,,,,,,,,,,,,,,,,,,,,,,,,,,,,,,,,"﻿Tanaka, 1979",,,,0,
Hunting Bag,G12,Namibia/Botswana Foragers,G/ana,,,,,Storage and Transport,,,Leather,,0,0,0,0,,,,,,,,,,,,,,,,,,,,,,,,,,,,,,,,,,,,,,,,,,,,,,,,,"﻿Tanaka, 1979",,,,0,
Carrying Net,G13,Namibia/Botswana Foragers,G/ana,,,,,Storage and Transport,,,Sinew,,0,0,0,0,,,,,,,,,,,,,,,,,,,,,,,,,,,,,,,,,,,,,,,,,,,,,,,,,"﻿Tanaka, 1979",,,,0,
Skin Bag,G14,Namibia/Botswana Foragers,G/ana,,,,,Storage and Transport,,,Leather,,0,0,0,0,,,,,,,,,,,,,,,,,,,,,,,,,,,,,,,,,,,,,,,,,,,,,,,,,"﻿Tanaka, 1979",,,,0,
Water Container,G15,Namibia/Botswana Foragers,G/ana,,,,,Storage and Transport,,,Egg Shell,Ostritch Egg Shell,0,2,0,0,,,,,,,,,,,,,,,,,,,,,,,,,,,,,,,,,,,,,,,,,,,,,,,,,"﻿Tanaka, 1979",,,,0,
Fire Stick,G16,Namibia/Botswana Foragers,G/ana,,,,,Fire Starter,,,Wood,,0,0,0,0,,,,,,,,,,,,,,,,,,,,,,,,,,,,,,,,,,,,,,,,,,,,,,,,,"﻿Tanaka, 1979",,,,0,
Fire Flint,G17,Namibia/Botswana Foragers,G/ana,,,,,Fire Starter,,,Stone,,0,1,0,0,Iron,,1,1,0,0,,,,,,,,,,,,,,,,,,,,,,,,,,,,,,,,,,,,,,,,,,,"﻿Tanaka, 1979",,,,0,
Tinder,G18,Namibia/Botswana Foragers,G/ana,,,,,Fire Starter,,,Fungus,,0,0,0,0,,,,,,,,,,,,,,,,,,,,,,,,,,,,,,,,,,,,,,,,,,,,,,,,,"﻿Tanaka, 1979",,,,0,
Iron Pot,G19,Namibia/Botswana Foragers,G/ana,,,,,Cooking,,,Iron,,1,1,0,0,,,,,,,,,,,,,,,,,,,,,,,,,,,,,,,,,,,,,,,,,,,,,,,,,"﻿Tanaka, 1979",,,,0,
Iron Bowl,G20,Namibia/Botswana Foragers,G/ana,,,,,Utensil,,,Iron,,1,1,0,0,,,,,,,,,,,,,,,,,,,,,,,,,,,,,,,,,,,,,,,,,,,,,,,,,"﻿Tanaka, 1979",,,,0,
Iron Cup,G21,Namibia/Botswana Foragers,G/ana,,,,,Utensil,,,Iron,,1,1,0,0,,,,,,,,,,,,,,,,,,,,,,,,,,,,,,,,,,,,,,,,,,,,,,,,,"﻿Tanaka, 1979",,,,0,
Steel Spoon,G22,Namibia/Botswana Foragers,G/ana,,,,,Utensil,,,Steel,,1,1,0,0,,,,,,,,,,,,,,,,,,,,,,,,,,,,,,,,,,,,,,,,,,,,,,,,,"﻿Tanaka, 1979",,,,0,
Wooden Spoon,G23,Namibia/Botswana Foragers,G/ana,,,,,Utensil,,,Wood,,0,0,0,0,,,,,,,,,,,,,,,,,,,,,,,,,,,,,,,,,,,,,,,,,,,,,,,,,"﻿Tanaka, 1979",,,,0,
Tortoise Shell Spoon,G24,Namibia/Botswana Foragers,G/ana,,,,,Utensil,,,Shell,Tortoise Shell,0,1,0,0,,,,,,,,,,,,,,,,,,,,,,,,,,,,,,,,,,,,,,,,,,,,,,,,,"﻿Tanaka, 1979",,,,0,
Fire Rake,G25,Namibia/Botswana Foragers,G/ana,,,,,Fire Starter,,,Wood,,0,0,0,0,,,,,,,,,,,,,,,,,,,,,,,,,,,,,,,,,,,,,,,,,,,,,,,,,"﻿Tanaka, 1979",,,,0,
Feather Fan,G26,Namibia/Botswana Foragers,G/ana,,,,,Fire Starter,,,Feather,Kori Bustard Feather,0,0,0,0,,,,,,,,,,,,,,,,,,,,,,,,,,,,,,,,,,,,,,,,,,,,,,,,,"﻿Tanaka, 1979",,,,0,
Grass Sieve,G27,Namibia/Botswana Foragers,G/ana,,,,,Utensil,,,Stalk,,0,0,0,0,,,,,,,,,,,,,,,,,,,,,,,,,,,,,,,,,,,,,,,,,,,,,,,,,"﻿Tanaka, 1979",,,,0,
Mortar,G28,Namibia/Botswana Foragers,G/ana,,,,,Food Processing,,,Wood,,0,0,0,0,,,,,,,,,,,,,,,,,,,,,,,,,,,,,,,,,,,,,,,,,,,,,,,,,"﻿Tanaka, 1979",,,,0,
Pestle,G29,Namibia/Botswana Foragers,G/ana,,,,,Food Processing,,,Wood,,0,0,0,0,,,,,,,,,,,,,,,,,,,,,,,,,,,,,,,,,,,,,,,,,,,,,,,,,"﻿Tanaka, 1979",,,,0,
Melon Crushing Stick (Horn),G30,Namibia/Botswana Foragers,G/ana,,,,,Food Processing,,,Horn,Gemsbok Horn,0,1,0,0,,,,,,,,,,,,,,,,,,,,,,,,,,,,,,,,,,,,,,,,,,,,,,,,,"﻿Tanaka, 1979",,,,0,
Melon Crushing Stick (Ostrich Bone),G31,Namibia/Botswana Foragers,G/ana,,,,,Food Processing,,,Bone,Ostritch Bone,0,1,0,0,,,,,,,,,,,,,,,,,,,,,,,,,,,,,,,,,,,,,,,,,,,,,,,,,"﻿Tanaka, 1979",,,,0,
Meat Pounding Stick (Iron),G32,Namibia/Botswana Foragers,G/ana,,,,,Food Processing,,,Horn,Gemsbok Horn,0,1,0,0,Iron,,1,1,0,0,,,,,,,,,,,,,,,,,,,,,,,,,,,,,,,,,,,,,,,,,,,"﻿Tanaka, 1979",,,,0,
Mixing Stick,G33,Namibia/Botswana Foragers,G/ana,,,,,Food Processing,,,Wood,,0,0,0,0,,,,,,,,,,,,,,,,,,,,,,,,,,,,,,,,,,,,,,,,,,,,,,,,,"﻿Tanaka, 1979",,,,0,
Wooden Hammer,G34,Namibia/Botswana Foragers,G/ana,,,"""Nut Cracking Wood""",,Extractive Foraging,,,Wood,,0,0,0,0,,,,,,,,,,,,,,,,,,,,,,,,,,,,,,,,,,,,,,,,,,,,,,,,,"﻿Tanaka, 1979",,,,0,
Hammer Stone,G35,Namibia/Botswana Foragers,G/ana,,,"""Nut Cracking Stone""",,Extractive Foraging,Material Preperation,,Stone,,0,1,0,0,,,,,,,,,,,,,,,,,,,,,,,,,,,,,,,,,,,,,,,,,,,,,,,,,"﻿Tanaka, 1979",,,,0,
Tin Tobacco pipe,G36,Namibia/Botswana Foragers,G/ana,,,,,Imbibe Drug,,,Tin,,1,1,0,0,,,,,,,,,,,,,,,,,,,,,,,,,,,,,,,,,,,,,,,,,,,,,,,,,"﻿Tanaka, 1979",,,,0,
Knife,G37,Namibia/Botswana Foragers,G/ana,,,,,Food Processing,Material Preperation,,Iron,,1,1,0,0,,,,,,,,,,,,,,,,,,,,,,,,,,,,,,,,,,,,,,,,,,,,,,,,,"﻿Tanaka, 1979",,,,0,
Axe,G38,Namibia/Botswana Foragers,G/ana,,,,,Extractive Foraging,Material Preperation,,Iron,,1,1,0,0,,,,,,,,,,,,,,,,,,,,,,,,,,,,,,,,,,,,,,,,,,,,,,,,,"﻿Tanaka, 1979",,,,0,
Knife Sheath,G39,Namibia/Botswana Foragers,G/ana,,,,,Storage and Transport,,,Leather,,0,0,0,0,,,,,,,,,,,,,,,,,,,,,,,,,,,,,,,,,,,,,,,,,,,,,,,,,"﻿Tanaka, 1979",,,,0,
Fibre Rope,G40,Namibia/Botswana Foragers,G/ana,,,,,Binding/Adhesive,,,Plant Fibre,,0,0,0,0,,,,,,,,,,,,,,,,,,,,,,,,,,,,,,,,,,,,,,,,,,,,,,,,,"﻿Tanaka, 1979",,,,0,
Eland Leather Rope,G41,Namibia/Botswana Foragers,G/ana,,,,,Binding/Adhesive,,,Leather,,0,0,0,0,,,,,,,,,,,,,,,,,,,,,,,,,,,,,,,,,,,,,,,,,,,,,,,,,"﻿Tanaka, 1979",,,,0,
Hide Drying Peg,G42,Namibia/Botswana Foragers,G/ana,,,,,Material Preperation,,,Wood,,0,0,0,0,,,,,,,,,,,,,,,,,,,,,,,,,,,,,,,,,,,,,,,,,,,,,,,,,"﻿Tanaka, 1979",,,,0,
Skull Bone Scraper,G43,Namibia/Botswana Foragers,G/ana,,,"""﻿skull of duiker or steenbok""",,Food Processing,Material Preperation,,Bone,Skull,0,1,0,0,,,,,,,,,,,,,,,,,,,,,,,,,,,,,,,,,,,,,,,,,,,,,,,,,"﻿Tanaka, 1979",,,,0,
Ostritch Bone Scraper,G44,Namibia/Botswana Foragers,G/ana,,,,,Food Processing,Material Preperation,,Bone,Ostrich Bone,0,1,0,0,,,,,,,,,,,,,,,,,,,,,,,,,,,,,,,,,,,,,,,,,,,,,,,,,"﻿Tanaka, 1979",,,,0,
Pipe Mold,G45,Namibia/Botswana Foragers,G/ana,,,,,Material Preperation,,,Tin,,1,1,0,0,,,,,,,,,,,,,,,,,,,,,,,,,,,,,,,,,,,,,,,,,,,,,,,,,"﻿Tanaka, 1979",,,,0,
Bone Plate (Poison Mixing),G46,Namibia/Botswana Foragers,G/ana,,,"""scapula of giraffe""",,Material Preperation,,,Bone,,0,1,0,0,,,,,,,,,,,,,,,,,,,,,,,,,,,,,,,,,,,,,,,,,,,,,,,,,"﻿Tanaka, 1979",,,,0,
Dwelling,G47,Namibia/Botswana Foragers,G/ana,,,,,Shelter,,,Wood,,0,0,0,0,Plant,Shrub,0,0,0,0,,,,,,,,,,,,,,,,,,,,,,,,,,,,,,,,,,,,,,,,,,,"﻿Tanaka, 1979",,,,0,
Leather Loincloth,G48,Namibia/Botswana Foragers,G/ana,,,"""Steenbock skin""",,Clothing,,,Leather,,0,0,0,0,,,,,,,,,,,,,,,,,,,,,,,,,,,,,,,,,,,,,,,,,,,,,,,,,"﻿Tanaka, 1979",,,,0,
Leather Shawl,G49,Namibia/Botswana Foragers,G/ana,,,"""Steenbock skin""",,Clothing,,,Leather,,0,0,0,0,,,,,,,,,,,,,,,,,,,,,,,,,,,,,,,,,,,,,,,,,,,,,,,,,"﻿Tanaka, 1979",,,,0,
Leather Apron,G50,Namibia/Botswana Foragers,G/ana,,,"""Steenbock skin""",,Clothing,,,Leather,,0,0,0,0,,,,,,,,,,,,,,,,,,,,,,,,,,,,,,,,,,,,,,,,,,,,,,,,,"﻿Tanaka, 1979",,,,0,
Leather Skirt,G51,Namibia/Botswana Foragers,G/ana,,,"""Steenbock skin""",,Clothing,,,Leather,,0,0,0,0,,,,,,,,,,,,,,,,,,,,,,,,,,,,,,,,,,,,,,,,,,,,,,,,,"﻿Tanaka, 1979",,,,0,
Leather Cap,G52,Namibia/Botswana Foragers,G/ana,,,"""Skin of fox, jackal, wild cat etc""",,Clothing,,,Leather,,0,0,0,0,,,,,,,,,,,,,,,,,,,,,,,,,,,,,,,,,,,,,,,,,,,,,,,,,"﻿Tanaka, 1979",,,,1,
Leather Sandals,G53,Namibia/Botswana Foragers,G/ana,,,"""Eland skin""",,Clothing,,,Leather,,0,0,0,0,,,,,,,,,,,,,,,,,,,,,,,,,,,,,,,,,,,,,,,,,,,,,,,,,"﻿Tanaka, 1979",,,,0,
Giraffe Tail Wrist Bracelet,G54,Namibia/Botswana Foragers,G/ana,,,"""Giraffe tail""",,Jewelry/Adornment,,,Leather,,0,0,0,0,,,,,,,,,,,,,,,,,,,,,,,,,,,,,,,,,,,,,,,,,,,,,,,,,"﻿Tanaka, 1979",,,,1,
Ostrich Shell Bead Head Band,G55,Namibia/Botswana Foragers,G/ana,,,,,Jewelry/Adornment,,,Egg Shell,Ostritch Egg Shell,0,2,0,0,,,,,,,,,,,,,,,,,,,,,,,,,,,,,,,,,,,,,,,,,,,,,,,,,"﻿Tanaka, 1979",,,,1,
Ostrich Egg Shell Waist Band,G56,Namibia/Botswana Foragers,G/ana,,,,,Jewelry/Adornment,,,Egg Shell,Ostritch Egg Shell,0,2,0,0,,,,,,,,,,,,,,,,,,,,,,,,,,,,,,,,,,,,,,,,,,,,,,,,,"﻿Tanaka, 1979",,,"﻿Hitchcock,2012",1,
Ostrich Egg Shell Necklace,G57,Namibia/Botswana Foragers,G/ana,,,,,Jewelry/Adornment,,,Egg Shell,Ostritch Egg Shell,0,2,0,0,,,,,,,,,,,,,,,,,,,,,,,,,,,,,,,,,,,,,,,,,,,,,,,,,"﻿Tanaka, 1979",,,,1,
Iron Earring,G58,Namibia/Botswana Foragers,G/ana,,,,,Jewelry/Adornment,,,Iron,,1,1,0,0,,,,,,,,,,,,,,,,,,,,,,,,,,,,,,,,,,,,,,,,,,,,,,,,,"﻿Tanaka, 1979",,,,1,
Strychnos fruit container,G59,Namibia/Botswana Foragers,G/ana,,,"""Costmetics""/""Medicine""",,Storage and Transport,,,Fruit,Strychnos Shell,0,0,0,0,,,,,,,,,,,,,,,,,,,,,,,,,,,,,,,,,,,,,,,,,,,,,,,,,"﻿Tanaka, 1979",,,,0,
Musical Bow (Wire),G60,Namibia/Botswana Foragers,G/ana,,,,,Musical Instrument,,,Wood,,0,0,0,0,Wire,,1,1,0,0,,,,,,,,,,,,,,,,,,,,,,,,,,,,,,,,,,,,,,,,,,,"﻿Tanaka, 1979",,,,1,
Musical Bow (Sinew),G61,Namibia/Botswana Foragers,G/ana,,,,,Musical Instrument,,,Wood,,0,0,0,0,Sinew,,0,0,0,0,,,,,,,,,,,,,,,,,,,,,,,,,,,,,,,,,,,,,,,,,,,"﻿Tanaka, 1979",,,,1,
Finger Piano,G62,Namibia/Botswana Foragers,G/ana,,,,,Musical Instrument,,,Wood,,0,0,0,0,Wire,,1,1,0,0,,,,,,,,,,,,,,,,,,,,,,,,,,,,,,,,,,,,,,,,,,,"﻿Tanaka, 1979",,,,1,
Giraffe Tail Violin,G63,Namibia/Botswana Foragers,G/ana,,,,,Musical Instrument,,,Wood,,0,0,0,0,Wire,,1,1,0,0,Leather,,0,0,0,0,,,,,,,,,,,,,,,,,,,,,,,,,,,,,,,,,,,,,"﻿Tanaka, 1979",,,,1,
Tin Guitar,G64,Namibia/Botswana Foragers,G/ana,,,,,Musical Instrument,,,Wood,,0,0,0,0,Wire,,1,1,0,0,Tin,,1,1,0,0,,,,,,,,,,,,,,,,,,,,,,,,,,,,,,,,,,,,,"﻿Tanaka, 1979",,,,1,
"Feather ""Battledore"" Ball",G65,Namibia/Botswana Foragers,G/ana,,,"""Played Like Battledore""",,Toy/Game,,,Wood,,0,0,0,0,Feather,,0,0,0,0,,,,,,,,,,,,,,,,,,,,,,,,,,,,,,,,,,,,,,,,,,,"﻿Tanaka, 1979",,,,1,
Feather Noise-Maker,G66,Namibia/Botswana Foragers,G/ana,,,,,Musical Instrument,Toy/Game,,Wood,,0,0,0,0,Feather,,0,0,0,0,,,,,,,,,,,,,,,,,,,,,,,,,,,,,,,,,,,,,,,,,,,"﻿Tanaka, 1979",,,,1,
Throwing Stick,G67,Namibia/Botswana Foragers,G/ana,,,,,Toy/Game,,,Wood,,0,0,0,0,,,,,,,,,,,,,,,,,,,,,,,,,,,,,,,,,,,,,,,,,,,,,,,,,"﻿Tanaka, 1979",,,,0,
Dancing Rattle,G68,Namibia/Botswana Foragers,G/ana,,,,,Musical Instrument,,,Insect,Cacoon,0,0,0,0,Egg Shell,Ostrich Egg Shell,0,2,0,0,,,,,,,,,,,,,,,,,,,,,,,,,,,,,,,,,,,,,,,,,,,"﻿Tanaka, 1979",,,,1,
Toy/Game Bow,G69,Namibia/Botswana Foragers,G/ana,,,,,Toy/Game,,,Wood,,0,0,0,0,,,,,,,,,,,,,,,,,,,,,,,,,,,,,,,,,,,,,,,,,,,,,,,,,"﻿Tanaka, 1979",,,,0,
Knife,M1,Central African Foragers,Mbuti,Ngoa,2,"""Most of these iron blades are the products of the villager blacksmiths. The Mbuti obtain used ones from the villagers with whom they have close contacts.""",Blade is 20-40cm,Extractive Foraging,Material Preperation,Food Processing,Wood,﻿Strychnos longicaudata or Jasminum pauciflorum,0,0,0,0,Iron,,1,1,0,0,,,,,,,,,,,,,,,,,,,,,,,,,,,,,,,,,,,,,,,,,,,"Tanno, 1981",16,,,0,1
Machete,M2,Central African Foragers,Mbuti,Koso,,,Non-traditional machetes also attained through trade. Haft is 20cm,Food Processing,Material Preperation,Path Finding/Making,Wood,S. longicaudata; J. pauciflorum; Antiaris welwitschii,0,0,0,0,Iron,,1,1,0,0,Sap/Plant Extract,Ebala tree (Unidentified) resin,0,0,0,0,,,,,,,,,,,,,,,,,,,,,,,,,,,,,,,,,,,,,"Tanno, 1981",18,,,0,
Axe,M3,Central African Foragers,Mbuti,Lobo,,,No mention of food processing in text but assumed to be used in butchery as axes are in so many other contexts,Extractive Foraging,Material Preperation,Food Processing,Wood,"Diospyros deltoidea, D. boala. Cola sciaphila, ""Bukebukakula"" (Unidentified)",0,0,0,0,Iron,,1,1,0,0,Cord,Manniophyton fulvum; Eremospatha haullevilleana,0,0,0,0,,,,,,,,,,,,,,,,,,,,,,,,,,,,,,,,,,,,,"Tanno, 1981",18,,,0,
Adze,M4,Central African Foragers,Mbuti,Topa,,"﻿When the same blade is attached to the haft horizontally, it acts as an adze (Figure 4), which is of rather little use for the  Mbuti (compared with the nlachete and the axe), except when they occasionally make a canoe.",,Extractive Foraging,Material Preperation,,Wood,"Diospyros deltoidea, D. boala. Cola sciaphila, ""Bukebukakula"" (Unidentified)",0,0,0,0,Iron,,1,1,0,0,Cord,Manniophyton fulvum; Eremospatha haullevilleana,0,0,0,0,,,,,,,,,,,,,,,,,,,,,,,,,,,,,,,,,,,,,"Tanno, 1981",18,,,0,
Rope,M5,Central African Foragers,Mbuti,Ngoli,,,,Binding/Adhesive,Material Preperation,,Plant Fibre,Various types: Thaumatoccus deniellii; Marantochloa congensis; Eremospatha haullevilleana ,0,0,0,0,,,,,,,,,,,,,,,,,,,,,,,,,,,,,,,,,,,,,,,,,,,,,,,,,"Tanno, 1981",18,,,0,
String,M6,Central African Foragers,Mbuti,Mboppi/Kusa,,,,Binding/Adhesive,,,Plant Fibre,Eremospatha haullevilleana; Manniophyton fulvum,0,0,0,0,,,,,,,,,,,,,,,,,,,,,,,,,,,,,,,,,,,,,,,,,,,,,,,,,"Tanno, 1981",18,,,0,
Bow,M7,Central African Foragers,Mbuti,Mange,,"﻿When the Mbuti catch monkeys (Cercopithecus sPP.), they use the tail skin for bow decoration, inserting one end ofthe bow shaft into the skin sheath ofthe tail. ",Also used as instrument,Hunting Weapon,Jewelry/Adornment,Musical Instrument,Wood,Vepris louisii; Aidia micrantha; Diospyros spp.; Kalu (Unidentified),0,0,0,0,Cord,Ancistrophyllum secundiflorum; A. spp.,0,0,0,0,Leather,Cercopithecus spp. tail.,0,0,0,0,,,,,,,,,,,,,,,,,,,,,,,,,,,,,,,,,,,,,"Tanno, 1981",19,,,0,
Iron Arrow,M8,Central African Foragers,Mbuti,Appi,,,﻿45-50 cm long. Fletched with leaves.,Hunting Weapon,,,Wood,Raphia spp.,0,0,0,0,Sap/Plant Extract,Paraquentina nigrescens poison,0,0,1,0,Leaf,Penianthus longifolius; Garcinia ovalifolia; Bequaertiodendron lognipedicellata,0,0,0,0,Iron,,1,1,0,0,Sap/Plant Extract,Ebala tree resin,0,0,0,0,,,,,,,,,,,,,,,,,,,,,,,,,"Tanno, 1981",19-20,,,1,
Wooden Arrow,M9,Central African Foragers,Mbuti,Sua/Mutali,,,﻿45-50 cm long. Typically not recovered,Hunting Weapon,,,Wood,Strychnos longicaudata; Acalypha neptunica; Raphia spp.,0,0,0,0,Sap/Plant Extract,Paraquentina nigrescens poison,0,0,1,0,,,,,,,,,,,,,,,,,,,,,,,,,,,,,,,,,,,,,,,,,,,"Tanno, 1981",19-20,,,0,
Arrow Poison,M10,Central African Foragers,Mbuti,Mutali,,,Fishing and hunting; made of several ingredients,Hunting Weapon,,,Sap/Plant Extract,"Paraquentina nigrescens; ﻿E. guineese, lxora odorata, and P. africana; ﻿P. nigrescens.",0,0,0,0,Fruit,Red pepper,0,0,0,0,,,,,,,,,,,,,,,,,,,,,,,,,,,,,,,,,,,,,,,,,,,"Tanno, 1981","20,24",,,0,
Mortar,M11,Central African Foragers,Mbuti,Ekingi,,"﻿Mbuti's mortar is small, about 15-20 cm in diameter and 30-35 cm in height.",Wood; hollowed tree trunk. Used both in food preperation and poison making,Material Preperation,Cooking,,Wood,Tree trunk (﻿Deinbollia laurentii.),0,0,0,0,,,,,,,,,,,,,,,,,,,,,,,,,,,,,,,,,,,,,,,,,,,,,,,,,"Tanno, 1981","20,24,33",,,0,
Poison Press,M12,Central African Foragers,Mbuti,,,,Woven Pressing Basket,Material Preperation,,,Cord,﻿Marantochloa congensis,0,0,0,0,,,,,,,,,,,,,,,,,,,,,,,,,,,,,,,,,,,,,,,,,,,,,,,,,"Tanno, 1981","20,24",,,0,
Fishing Poison,M13,Central African Foragers,Mbuti,,,,"Use Unconfirmed in Tanno source; ﻿For the fishing poison they use the Tetrapleura tetraptera legume, the ""sakba"" (unidentified) bark, or the leafy branches of Tephrosia vogelii, Elaeophorbia drupifera, ""bukutu"", ""malombo"", ""mbi"", and ""pida"" (all unidentified). They smash up any ofthese and throw it into the stream.",Hunting Weapon,,,Legume,﻿Tetrapleura tetraptera,0,0,1,1,Bark,"""Sabka"" (Unidentified)",0,0,1,1,Sap/Plant Extract,"﻿Tephrosia vogelii, Elaeophorbia drupifera, ""bukutu"", ""malombo"", ""mbi"", and ""pida"" (all unidentified).",0,0,1,1,,,,,,,,,,,,,,,,,,,,,,,,,,,,,,,,,,,,,"Tanno, 1981","20,24",,,0,
Quiver,M14,Central African Foragers,Mbuti,Baba/Bolobolo,,,Jiro argued that quivers and wrist protectors are ornamental and not used during actual hunting. Not coded s. evidence as not clear without context.,Storage and Transport,Jewelry/Adornment,,Leather,Duiker,0,0,0,0,Cord,﻿Manniophyton fulvunl; Marantochloa congensis,0,0,0,0,,,,,,,,,,,,,,,,,,,,,,,,,,,,,,,,,,,,,,,,,,,"Tanno, 1981",24,,,0,
Wrist Protector,M15,Central African Foragers,Mbuti,Asuba,,,Jiro argued that quivers and wrist protectors are ornamental and not used during actual hunting,Clothing,Jewelry/Adornment,Protection,Leather,Monkey skin,0,0,0,0,Cord,﻿Manniophyton fulvunl; Marantochloa congensis,0,0,0,0,,,,,,,,,,,,,,,,,,,,,,,,,,,,,,,,,,,,,,,,,,,"Tanno, 1981",24,,,0,
Arrow Carrying Binding,M16,Central African Foragers,Mbuti,,,,,Storage and Transport,,,Cord,﻿M. congensis,0,0,0,0,,,,,,,,,,,,,,,,,,,,,,,,,,,,,,,,,,,,,,,,,,,,,,,,,"Tanno, 1981",24,,,0,
Spear,M17,Central African Foragers,Mbuti,Ekonga,,"﻿The spear is about 130-160 cm long and it consists ofa wooden shaft and an iron head, the largest of which is some 50 cm long and I5-cm wide. The lower end of the spearhead is of cylindrical form, into which the shaft is placed and bound",,Hunting Weapon,Hunting Weapon,,Wood,﻿Pancovia harmsiana; Diospyros sp.; Aidia lnicrantha; Vepris louisii; Cola sciaphila.,0,0,0,0,Cord,﻿Manniophton fulvum,0,0,0,0,Iron,,1,1,0,0,,,,,,,,,,,,,,,,,,,,,,,,,,,,,,,,,,,,,"Tanno, 1981",25,,,0,
Spear Sheath,M18,Central African Foragers,Mbuti,,,"""This is also no more than a type of ornament.""",Claimed as ornamental,Protection,Jewelry/Adornment,,Plant Fibre,"﻿Eremospatha haullevilleana,",0,0,0,0,,,,,,,,,,,,,,,,,,,,,,,,,,,,,,,,,,,,,,,,,,,,,,,,,"Tanno, 1981",25,,,0,
Hunting Net,M19,Central African Foragers,Mbuti,Kuya,,﻿The length of a net employed by one Inan varies from about 40 to 100 m and its height is about 1.2 nl. The square mesh ofthe net is 5-7 cm long on one side. This net is wound up in a coil which is 2 m in circumference and carried across the shoulders.,Optional nuts used as clappers,Hunting Weapon,,,Cord,﻿Manniophyton fulvum,0,0,0,0,Seed/Nut,"""Basapi"" (Unidentified)",0,0,1,0,,,,,,,,,,,,,,,,,,,,,,,,,,,,,,,,,,,,,,,,,,,"Tanno, 1981",25,,,0,
Wooden Bells,M20,Central African Foragers,Mbuti,Lele,,,Hung around the neck of hunting dog. Not a hunting weapon sensu stricto but a hunting tool. ,Hunting Weapon,,,Wood,Pterygota bequaertii; Alstonia boonei,0,0,0,0,Twig,,0,0,0,0,Cord,Manniophyton fulvum,0,0,0,0,,,,,,,,,,,,,,,,,,,,,,,,,,,,,,,,,,,,,"Tanno, 1981",26,,,1,
Twig Trail Markers,M21,Central African Foragers,Mbuti,,,,,Path Finding/Making,,,Wood,Twigs - no specific species,0,0,0,0,,,,,,,,,,,,,,,,,,,,,,,,,,,,,,,,,,,,,,,,,,,,,,,,,"Tanno, 1981",27,,,0,
Leaf Trail/Identity Marker,M22,Central African Foragers,Mbuti,Ekombi,,"﻿A unique mark called the ""ekombi"" is also used, particularly in the case that the marker serves to clarify one's identity to anyone who finds it. The ""ekombi"" is a piece ofA. conferta leaf in which the totemic aninlal ('""inginiso"") of his own clan is represented symbolically (Figure 10). Those who chance upon this mark can understand at a glance what clan the man who left the marker and when he passed there. If they find an ""ekombi"" at the foot ofa tree upon which bees nest, it tells that this honey has been already claimed by some person who found it before.",Functions a little like a flag. Tagged as ritual due to symbolic meaning. ,Ritual,Path Finding/Making,,Leaf,﻿Ataenidia conferta,0,0,0,0,,,,,,,,,,,,,,,,,,,,,,,,,,,,,,,,,,,,,,,,,,,,,,,,,"Tanno, 1981",27,,,1,
Digging Stick,M23,Central African Foragers,Mbuti,,,"﻿To gather root crops a digging stick is used. This is a simple stick 3-4 cm thick cut from shrubs. No particular species of shrub is used. Since Mbuti WOlnen always carry machetes, they can get digging sticks anywhere, so they need not carry them",Disgarded more freely than Hadza twigs,Extractive Foraging,,,Wood,Any tree that's handy!,0,0,0,0,,,,,,,,,,,,,,,,,,,,,,,,,,,,,,,,,,,,,,,,,,,,,,,,,"Tanno, 1981",27,,,0,
Basket,M24,Central African Foragers,Mbuti,So,,,Baskets may also be traded. Mbuti baskets woven from open mesh.,Storage and Transport,,,Cord,﻿Eremospatha haullevilleana; Marantochloa congensis,0,0,0,0,,,,,,,,,,,,,,,,,,,,,,,,,,,,,,,,,,,,,,,,,,,,,,,,,"Tanno, 1981",27,,,0,
Headband,M25,Central African Foragers,Mbuti,,,,15-20cm diameter. Protects head when carrying basket,Storage and Transport,,,Wood,"Bark of ﻿Cynometra alexandri, Brachystegia laurentii, Gilbertiodendron dewevrei; Desplatzia dewevrei; Dicranolepis disticha; or stalks of ﻿Thaumatococcus  daniellii; Marantochloa congensis",0,0,0,0,,,,,,,,,,,,,,,,,,,,,,,,,,,,,,,,,,,,,,,,,,,,,,,,,"Tanno, 1981",28,,,1,
Honey Container (Single Use),M26,Central African Foragers,Mbuti,Amboi,,,,Storage and Transport,,,Leaf,﻿Thaunlatococcus daniellii; Ataenidia conferta,0,0,0,0,Vine,﻿Thaunlatococcus daniellii; Ataenidia conferta,0,0,0,0,,,,,,,,,,,,,,,,,,,,,,,,,,,,,,,,,,,,,,,,,,,"Tanno, 1981",28,,,0,
Honey Container (Multiple Use),M27,Central African Foragers,Mbuti,Ebimba,,,"Elaborately worked. Rarely made. ""Villager-like handiwork""",Storage and Transport,,,Bark,﻿Gilbertiodendron dewevrei and,0,0,0,0,Wood,,0,0,0,0,,,,,,,,,,,,,,,,,,,,,,,,,,,,,,,,,,,,,,,,,,,"Tanno, 1981",28,,,1,
Baby Sling (Leather),M28,Central African Foragers,Mbuti,,,,,Storage and Transport,,,Leather,Duiker,0,0,0,0,,,,,,,,,,,,,,,,,,,,,,,,,,,,,,,,,,,,,,,,,,,,,,,,,"Tanno, 1981",29,,,0,
Baby Sling (Cloth),M28,Central African Foragers,Mbuti,,,,"Traditionally leather, now traded cloth",Storage and Transport,,,Cloth,Unclear,1,0,0,0,,,,,,,,,,,,,,,,,,,,,,,,,,,,,,,,,,,,,,,,,,,,,,,,,"Tanno, 1981",29,,,0,
Dwelling,M30,Central African Foragers,Mbuti,Endu,,"﻿The Mbuti's hut is semispherical about 2-3 m in diameter and 1.5 m in height, and is built by the woman.",,Shelter,,,Wood,"Shrub stalks, many species.",0,0,0,0,Leaf,﻿Thaumatococcuss daniellii; Fronds of ﻿Sclerosperma mannii or leaves of Gilbertiodendron dewevrei where T. d. lacking,0,0,0,0,Wood,﻿T. daniellii or Marantochloa congensis stalks,0,0,0,0,,,,,,,,,,,,,,,,,,,,,,,,,,,,,,,,,,,,,"Tanno, 1981",30,,,0,
Simple Leaf Mat,M31,Central African Foragers,Mbuti,,,,,Sleeping Surface,,,Leaf,﻿Thaumafococcus daniellii or Ataenidia conferta,0,0,0,0,,,,,,,,,,,,,,,,,,,,,,,,,,,,,,,,,,,,,,,,,,,,,,,,,"Tanno, 1981",30,,,0,
Double Leaf Mat,M32,Central African Foragers,Mbuti,Amatobetobe,,,"May also trade with villiagers for another type of leaf mat ""Kilako""",Sleeping Surface,,,Leaf,Ataenidia conferta,0,0,0,0,,,,,,,,,,,,,,,,,,,,,,,,,,,,,,,,,,,,,,,,,,,,,,,,,"Tanno, 1981",30,,,0,
Woven Stalk Mat,M33,Central African Foragers,Mbuti,,,,,Sleeping Surface,,,Wood,﻿Marantochloa congensis stalk strips,0,0,0,0,,,,,,,,,,,,,,,,,,,,,,,,,,,,,,,,,,,,,,,,,,,,,,,,,"Tanno, 1981",30,,,0,
Bed,M34,Central African Foragers,Mbuti,,,,,Sleeping Surface,Furniture,,Wood,Any tree that's handy!,0,0,0,0,Cord,"﻿Eremospatha haullevilleana, Marantochloa congensis",0,0,0,0,,,,,,,,,,,,,,,,,,,,,,,,,,,,,,,,,,,,,,,,,,,"Tanno, 1981",31,,,0,
Chair (Simple),M35,Central African Foragers,Mbuti,Mbanga,,"The Mbuti (except the children) do not sit on the bare ground but sit on logs or Marantaceae leaves. The Mbutis' simplest chair is nlade of4-5 sticks 60-70 cm long and a coil ofany woody vine (Figure 15). This is called"" mbanga"", whose general meaning is short trees or sticks cut from trees or shrubs.",,Furniture,,,Wood,Any tree that's handy!,0,0,0,0,Vine,,0,0,0,0,,,,,,,,,,,,,,,,,,,,,,,,,,,,,,,,,,,,,,,,,,,"Tanno, 1981",31,,,0,
Chair (Jointed),M36,Central African Foragers,Mbuti,,,,,Furniture,,,Wood,Any tree that's handy!,0,0,0,0,,,,,,,,,,,,,,,,,,,,,,,,,,,,,,,,,,,,,,,,,,,,,,,,,"Tanno, 1981",31,,,0,
Bench,M37,Central African Foragers,Mbuti,Bakati,,"﻿Further, they cut a multi-forked tree and lay it near the fire, and use it as a bench called ""bakati""",,Furniture,,,Wood,,0,0,0,0,,,,,,,,,,,,,,,,,,,,,,,,,,,,,,,,,,,,,,,,,,,,,,,,,"Tanno, 1981",31,,,0,
Fire,M38,Central African Foragers,Mbuti,,,,No mention of stone hearth,Cooking,Illumination,Thermoregulation,Wood,,0,0,0,0,,,,,,,,,,,,,,,,,,,,,,,,,,,,,,,,,,,,,,,,,,,,,,,,,"Tanno, 1981",31,,,0,
Simple Torch,M39,Central African Foragers,Mbuti,,,,"Called 'firebrand'. Used for illumination, starting fires or smoking termites out of their mounds for food.",Fire Starter,Illumination,Extractive Foraging,Wood,﻿Marantochloa congensis; ﻿Polyalthia suaveolens,0,0,0,0,,,,,,,,,,,,,,,,,,,,,,,,,,,,,,,,,,,,,,,,,,,,,,,,,"Tanno, 1981",31-32,,,0,
Resin Torch,M40,Central African Foragers,Mbuti,,,,"Called 'firebrand'. Used for illumination, starting fires or smoking termites out of their mounds for food. Resin more effective than wood.",Fire Starter,Illumination,Extractive Foraging,Sap/Plant Extract,﻿Canarium schweinfurthii resin,0,0,0,0,Leaf,﻿Thaumatococcus daniellii; Ataenidia conferta,0,0,0,0,,,,,,,,,,,,,,,,,,,,,,,,,,,,,,,,,,,,,,,,,,,"Tanno, 1981",31-32,,,0,
Fire Drill,M41,Central African Foragers,Mbuti,,,,,Fire Starter,,,Wood,﻿Desplatzia dewevrei; ﻿Scaphopetalum thonneri,0,0,0,0,,,,,,,,,,,,,,,,,,,,,,,,,,,,,,,,,,,,,,,,,,,,,,,,,"Tanno, 1981",31,,,0,
Metal Pot,M42,Central African Foragers,Mbuti,,,,,Cooking,Storage and Transport,,Metal,,1,1,0,0,,,,,,,,,,,,,,,,,,,,,,,,,,,,,,,,,,,,,,,,,,,,,,,,,"Tanno, 1981",32-33,,,0,
Clay Pot,M43,Central African Foragers,Mbuti,,,,,Cooking,Storage and Transport,,Clay,"Fired, made by villiagers",1,2,0,0,,,,,,,,,,,,,,,,,,,,,,,,,,,,,,,,,,,,,,,,,,,,,,,,,"Tanno, 1981",32-33,,,0,
Pot Lid,M44,Central African Foragers,Mbuti,,,,,Cooking,,,Leaf,Thaumatococcus daniellii,0,0,0,0,,,,,,,,,,,,,,,,,,,,,,,,,,,,,,,,,,,,,,,,,,,,,,,,,"Tanno, 1981",32-33,,,0,
Cooking Wrap,M45,Central African Foragers,Mbuti,,,,,Cooking,,,Leaf,﻿T. daniellii or Ataenidia conferta,0,0,0,0,,,,,,,,,,,,,,,,,,,,,,,,,,,,,,,,,,,,,,,,,,,,,,,,,"Tanno, 1981",32-33,,,0,
Leaf Cup,M46,Central African Foragers,Mbuti,,,,,Utensil,,,Leaf,﻿T. daniellii,0,0,0,0,,,,,,,,,,,,,,,,,,,,,,,,,,,,,,,,,,,,,,,,,,,,,,,,,"Tanno, 1981",33,,,0,
Leaf Plate,M47,Central African Foragers,Mbuti,,,,,Utensil,,,Leaf,﻿T. daniellii,0,0,0,0,,,,,,,,,,,,,,,,,,,,,,,,,,,,,,,,,,,,,,,,,,,,,,,,,"Tanno, 1981",33,,,0,
Shell Spoon,M48,Central African Foragers,Mbuti,,,,,Utensil,,,Shell,﻿limnetic bivalve,0,2,0,0,,,,,,,,,,,,,,,,,,,,,,,,,,,,,,,,,,,,,,,,,,,,,,,,,"Tanno, 1981",33,,,0,
Enamel Cup,M49,Central African Foragers,Mbuti,,,,,Utensil,,,Metal,,1,1,0,0,Glass,Enamel,1,1,1,0,,,,,,,,,,,,,,,,,,,,,,,,,,,,,,,,,,,,,,,,,,,"Tanno, 1981",33,,,0,
Enamel Plate,M50,Central African Foragers,Mbuti,,,,,Utensil,,,Metal,,1,1,0,0,Glass,Enamel,1,1,1,0,,,,,,,,,,,,,,,,,,,,,,,,,,,,,,,,,,,,,,,,,,,"Tanno, 1981",33,,,0,
Gourd Cup,M51,Central African Foragers,Mbuti,,,,,Utensil,Storage and Transport,,Gourd,,1,0,0,0,,,,,,,,,,,,,,,,,,,,,,,,,,,,,,,,,,,,,,,,,,,,,,,,,"Tanno, 1981",33,,,0,
Pestle,M52,Central African Foragers,Mbuti,Mandiekingi,,,,Material Preperation,Cooking,,Wood,Stem: ﻿Ixora odorata; Pancovia laurentii.,0,0,0,0,,,,,,,,,,,,,,,,,,,,,,,,,,,,,,,,,,,,,,,,,,,,,,,,,"Tanno, 1981",33,,,0,
Drying Rack,M53,Central African Foragers,Mbuti,﻿Mgbamgba,,,,Material Preperation,Cooking,,Wood,,0,0,0,0,,,,,,,,,,,,,,,,,,,,,,,,,,,,,,,,,,,,,,,,,,,,,,,,,"Tanno, 1981",34-5,,,0,
Barkcloth Loin Cloth,M54,Central African Foragers,Mbuti,Pongo,2,,,Clothing,Jewelry/Adornment,,Bark,Ficus spp.,0,0,0,0,Cord,Manniophyton fulvum; ﻿Dicranolepis distiella,0,0,0,0,,,,,,,,,,,,,,,,,,,,,,,,,,,,,,,,,,,,,,,,,,,"Tanno, 1981",35,,,1,
Barkbeater Mallet (Wood),M55,Central African Foragers,Mbuti,Moanjo,,,,Material Preperation,,,Wood,﻿Ixora odorata,0,0,0,0,,﻿Ixora odorata,,,,,,,,,,,,,,,,,,,,,,,,,,,,,,,,,,,,,,,,,,,,,,,"Tanno, 1981",35,,,0,
Barkbeater Mallet (Ivory),M56,Central African Foragers,Mbuti,Koyla,,,,Material Preperation,,,Bone,Ivory,0,1,0,0,,,,,,,,,,,,,,,,,,,,,,,,,,,,,,,,,,,,,,,,,,,,,,,,,"Tanno, 1981",35,,,0,
Lace Belt,M57,Central African Foragers,Mbuti,Bakutu,0,"﻿This waistband, worked by women, is manufactured so elaborately through so many various processes that it appears to be one of the exceptional articles among the Mbuti's material culture.",,Jewelry/Adornment,Clothing,,Plant Fibre,﻿Marantochloa congensis,0,0,0,0,Bark,﻿Processed cortex of Marantochloa congensis,0,0,0,0,,,,,,,,,,,,,,,,,,,,,,,,,,,,,,,,,,,,,,,,,,,"Tanno, 1981",35,,,1,
Sap Dye,M58,Central African Foragers,Mbuti,,,,9 Dyes in Total,Jewelry/Adornment,Material Preperation,,Sap/Plant Extract,"﻿Chlorophora excelsa bark sap = yellow, (2) Isolona congolona bark sap = tan, (3) Agelaea lescrauwaettii bark sap = red, (4) Mukunaflagellipes leafsap = black, (5) Pterocarpus soyauxii powdered wood = red, (6) SiJnirestis welwitschii leafsap = black, (7) Landolphia jUlnellei bark sap = red, (8) Coffea afzelii = black, (9) Rothnzannia whitfieldii seed sap = black",0,0,0,0,Fruit,Lemon,0,0,1,0,,,,,,,,,,,,,,,,,,,,,,,,,,,,,,,,,,,,,,,,,,,"Tanno, 1981",35,,,1,
Powdered Wood Dye,M59,Central African Foragers,Mbuti,,,,9 Dyes in Total,Jewelry/Adornment,Material Preperation,,Bark,"﻿Chlorophora excelsa bark sap = yellow, (2) Isolona congolona bark sap = tan, (3) Agelaea lescrauwaettii bark sap = red, (4) Mukunaflagellipes leafsap = black, (5) Pterocarpus soyauxii powdered wood = red, (6) SiJnirestis welwitschii leafsap = black, (7) Landolphia jUlnellei bark sap = red, (8) Coffea afzelii = black, (9) Rothnzannia whitfieldii seed sap = black",0,0,0,0,,,,,,,,,,,,,,,,,,,,,,,,,,,,,,,,,,,,,,,,,,,,,,,,,"Tanno, 1981",35,,,1,
Makeup,M60,Central African Foragers,Mbuti,,0,,,Jewelry/Adornment,,,Sap/Plant Extract,﻿Rotthmannia whitfieldii or Simirestis welwitsehii,0,0,0,0,,,,,,,,,,,,,,,,,,,,,,,,,,,,,,,,,,,,,,,,,,,,,,,,,"Tanno, 1981",35,,,1,
Ritual Body Paint,M61,Central African Foragers,Mbuti,,,,,Ritual,Jewelry/Adornment,,Wood,Powedered ﻿Pterocarpus soyauxii wood,1,0,0,0,,,,,,,,,,,,,,,,,,,,,,,,,,,,,,,,,,,,,,,,,,,,,,,,,"Tanno, 1981",37,,,1,
Seed Necklaces,M62,Central African Foragers,Mbuti,,0,,,Jewelry/Adornment,,,Seed/Nut,﻿Coix lacrimajobi,0,0,0,0,Cord,,0,0,0,0,,,,,,,,,,,,,,,,,,,,,,,,,,,,,,,,,,,,,,,,,,,"Tanno, 1981",37,,,1,
Decorative Flower,M63,Central African Foragers,Mbuti,,0,,,Jewelry/Adornment,,,Flower,,0,0,0,0,,,,,,,,,,,,,,,,,,,,,,,,,,,,,,,,,,,,,,,,,,,,,,,,,"Tanno, 1981",37,,,1,
Cord Bracelet,M64,Central African Foragers,Mbuti,,2,,,Jewelry/Adornment,,,Cord,,0,0,0,0,,,,,,,,,,,,,,,,,,,,,,,,,,,,,,,,,,,,,,,,,,,,,,,,,"Tanno, 1981",37,,,1,
Cord Necklace,M65,Central African Foragers,Mbuti,,,,,Jewelry/Adornment,,,Cord,,0,0,0,0,,,,,,,,,,,,,,,,,,,,,,,,,,,,,,,,,,,,,,,,,,,,,,,,,"Tanno, 1981",37,,,1,
Fur Bracelet,M66,Central African Foragers,Mbuti,,2,,,Jewelry/Adornment,,,Leather,Fur,0,0,0,0,,,,,,,,,,,,,,,,,,,,,,,,,,,,,,,,,,,,,,,,,,,,,,,,,"Tanno, 1981",37,,,1,
Fur Neclace,M67,Central African Foragers,Mbuti,,2,,,Jewelry/Adornment,,,Leather,Fur,0,0,0,0,,,,,,,,,,,,,,,,,,,,,,,,,,,,,,,,,,,,,,,,,,,,,,,,,"Tanno, 1981",37,,,1,
Fur Cap,M68,Central African Foragers,Mbuti,,1,,,Clothing,,,Leather,Fur,0,0,0,0,,,,,,,,,,,,,,,,,,,,,,,,,,,,,,,,,,,,,,,,,,,,,,,,,"Tanno, 1981",37,,,1,
Feather Headdress,M69,Central African Foragers,Mbuti,,2,,,Jewelry/Adornment,,,Feather,Francolin or Turaco,0,0,0,0,,,,,,,,,,,,,,,,,,,,,,,,,,,,,,,,,,,,,,,,,,,,,,,,,"Tanno, 1981",37,,,1,
Feather Cap,M70,Central African Foragers,Mbuti,,1,,,Jewelry/Adornment,Clothing,,Cord,﻿Erenlospathe haullevilleana or Marantochloa congensis,0,0,0,0,Feather,Francolin or Turaco,0,0,0,0,,,,,,,,,,,,,,,,,,,,,,,,,,,,,,,,,,,,,,,,,,,"Tanno, 1981",37,,,1,
Leaf Adornments,M71,Central African Foragers,Mbuti,,2,,,Jewelry/Adornment,,,Leaf,,0,0,0,0,,,,,,,,,,,,,,,,,,,,,,,,,,,,,,,,,,,,,,,,,,,,,,,,,"Tanno, 1981",37,,,1,
Grass Skirt,M72,Central African Foragers,Mbuti,,0,,Girls elima initiation ritual dance,Ritual,Clothing,,Grass/Reed,﻿Raphia sp.,0,0,0,0,,,,,,,,,,,,,,,,,,,,,,,,,,,,,,,,,,,,,,,,,,,,,,,,,"Tanno, 1981",37,,,1,
Clappers,M73,Central African Foragers,Mbuti,Banja,,﻿This percussion instrument is always used to lead the rhythm whenever songs are sung,,Musical Instrument,,,Wood,﻿Trichilia nibescens branches.,0,0,0,0,,,,,,,,,,,,,,,,,,,,,,,,,,,,,,,,,,,,,,,,,,,,,,,,,"Tanno, 1981",37,,,1,
Drum,M74,Central African Foragers,Mbuti,Alende,,,"Drumhead and straps to pull drum taught both made of duiker. According to one elder, villiager technology",Musical Instrument,,,Leather,"Duiker, for both strap and drumhead",0,0,0,0,Wood,﻿Pterygofa bequaertii or Alstonia boonei,0,0,0,0,,,,,,,,,,,,,,,,,,,,,,,,,,,,,,,,,,,,,,,,,,,"Tanno, 1981",37,,,1,
Log Drums,M75,Central African Foragers,Mbuti,,,,Hunting camps,Musical Instrument,,,Wood,Log or butress of big tree,0,0,0,0,,,,,,,,,,,,,,,,,,,,,,,,,,,,,,,,,,,,,,,,,,,,,,,,,"Tanno, 1981",37,,,1,
Musical Pipes,M76,Central African Foragers,Mbuti,Luma,,,"Pipes can also be made of mamboo, but usually wood. 12-15 pipes. Could also be a 'villager instrument' but villigers come to watch.",Musical Instrument,,,Wood,,0,0,0,0,,,,,,,,,,,,,,,,,,,,,,,,,,,,,,,,,,,,,,,,,,,,,,,,,"Tanno, 1981",37,,,1,
Finger Piano,M77,Central African Foragers,Mbuti,Likembe,,,Component parts undescribed so have used those of Bushman finger piano,Musical Instrument,,,Wood,,0,0,0,1,Wire,,1,1,0,1,,,,,,,,,,,,,,,,,,,,,,,,,,,,,,,,,,,,,,,,,,,"Tanno, 1981",38,,,1,
Ankle Bells,M78,Central African Foragers,Mbuti,Kengele,,,,Musical Instrument,,,Metal,,1,1,0,0,,,,,,,,,,,,,,,,,,,,,,,,,,,,,,,,,,,,,,,,,,,,,,,,,"Tanno, 1981",38,,,1,
Bone Horn,M79,Central African Foragers,Mbuti,Malimo,,,Molimo ritual,Musical Instrument,Ritual,,Bone,Ivory or Bongo horn,0,1,0,0,,,,,,,,,,,,,,,,,,,,,,,,,,,,,,,,,,,,,,,,,,,,,,,,,"Tanno, 1981",38,,,1,
Wood Tonal Instrument,M80,Central African Foragers,Mbuti,Makata,,"﻿This is a set of 7 sticks about 70-115 cm long, with lengths and thicknesses prepared so that each stick produces one sound of particular pitch different from the others when beaten with a short stick. Men",Villiagers instrument,Musical Instrument,Ritual,,Wood,,0,0,0,0,,,,,,,,,,,,,,,,,,,,,,,,,,,,,,,,,,,,,,,,,,,,,,,,,"Tanno, 1981",38,,,1,
Sandpaper,M81,Central African Foragers,Mbuti,,,,,Material Preperation,,,Leaf,Ficus exaspermata,0,0,0,0,,,,,,,,,,,,,,,,,,,,,,,,,,,,,,,,,,,,,,,,,,,,,,,,,"Tanno, 1981",38,,,0,
Scrubbing-Brush,M82,Central African Foragers,Mbuti,,,,Made of dried fruit,Grooming/Hygiene,,,Fruit,﻿Desplatzia dewevrei fruit,0,0,0,0,,,,,,,,,,,,,,,,,,,,,,,,,,,,,,,,,,,,,,,,,,,,,,,,,"Tanno, 1981",39,,,0,
Baby Enema Straw,M83,Central African Foragers,Mbuti,,,,,Grooming/Hygiene,,,Stalk,﻿Olyra latzjolia stalk.,0,0,0,0,,,,,,,,,,,,,,,,,,,,,,,,,,,,,,,,,,,,,,,,,,,,,,,,,"Tanno, 1981",39,,,0,
Hunting Magic,M84,Central African Foragers,Mbuti,Sisa,,"Brings luck. Various plants used, typically burn. Full details on page 39,",,Ritual,,,Plant,Wood; leaf; fruit; legume,0,0,0,0,,,,,,,,,,,,,,,,,,,,,,,,,,,,,,,,,,,,,,,,,,,,,,,,,"Tanno, 1981",39,,,1,
Tug-of-war Rope,M85,Central African Foragers,Mbuti,Kanga,2,"﻿two adult parties ofmen one side and women the other, they use the big and supple…",,Toy/Game,,,Vine,﻿Entada gigas ,0,0,0,0,,,,,,,,,,,,,,,,,,,,,,,,,,,,,,,,,,,,,,,,,,,,,,,,,"Tanno, 1981",40,,,1,
Skipping Rope,M86,Central African Foragers,Mbuti,,,,,Toy/Game,,,Vine,"﻿Elemospatha haullevilleana palm vines, E. yangarnbiensis, Ancisfrophyllunl sp. (""leckwe""),",0,0,0,0,,,,,,,,,,,,,,,,,,,,,,,,,,,,,,,,,,,,,,,,,,,,,,,,,"Tanno, 1981",40,,,1,
Seed Guessing Game,M87,Central African Foragers,Mbuti,Maale,,,,Toy/Game,,,Seed/Nut,Eremospatha guineese,0,0,0,0,,,,,,,,,,,,,,,,,,,,,,,,,,,,,,,,,,,,,,,,,,,,,,,,,"Tanno, 1981",41,,,1,
Sap Ball,M88,Central African Foragers,Mbuti,Buma,,,,Toy/Game,,,Sap/Plant Extract,﻿Landolphia owariensis; Malouetia bequaertiana,0,0,0,0,,,,,,,,,,,,,,,,,,,,,,,,,,,,,,,,,,,,,,,,,,,,,,,,,"Tanno, 1981",41,,,1,
Cats Crade String,M89,Central African Foragers,Mbuti,Mangelengele,,,,Toy/Game,,,Cord,Manniophyton fuvum,0,0,0,0,,,,,,,,,,,,,,,,,,,,,,,,,,,,,,,,,,,,,,,,,,,,,,,,,"Tanno, 1981",41,,,1,
Whetstone,M90,Central African Foragers,Mbuti,,,,Used and left on the spot,Material Preperation,,,Stone,,0,1,0,0,,,,,,,,,,,,,,,,,,,,,,,,,,,,,,,,,,,,,,,,,,,,,,,,,"Tanno, 1981",21-23,,,0,
Dog Ball,M91,Central African Foragers,Mbuti,,,,"I suppose playing fetch is as much a game for people participating as it is for the dogs? I have chosen to code it this way, anyway, as not creating an n=1 category for dog toys!",Toy/Game,,,Wood,,0,0,0,0,Cord,,0,0,0,0,,,,,,,,,,,,,,,,,,,,,,,,,,,,,,,,,,,,,,,,,,,"Tanno, 1981",21-23,,,1,
Baby Sling,M92,Central African Foragers,Mbuti,,,,,Storage and Transport,,,Leather,,0,0,0,0,,,,,,,,,,,,,,,,,,,,,,,,,,,,,,,,,,,,,,,,,,,,,,,,,"Tanno, 1981",21-23,,,0,
Broom,M93,Central African Foragers,Mbuti,,,,,Grooming/Hygiene,,,Wood,,0,0,0,0,,,,,,,,,,,,,,,,,,,,,,,,,,,,,,,,,,,,,,,,,,,,,,,,,"Tanno, 1981",21-23,,,0,
Comb,M94,Central African Foragers,Mbuti,,,,,Grooming/Hygiene,,,Wood,,0,0,0,0,,,,,,,,,,,,,,,,,,,,,,,,,,,,,,,,,,,,,,,,,,,,,,,,,"Tanno, 1981",21-23,,,0,
Pipe,M95,Central African Foragers,Mbuti,,,,Clay head then wood,Imbibe Drug,,,Wood,,0,0,0,0,Clay,,0,2,0,0,,,,,,,,,,,,,,,,,,,,,,,,,,,,,,,,,,,,,,,,,,,"Tanno, 1981",21-23,,,0,
Wooden Stirring Stick,M96,Central African Foragers,Mbuti,,,,,Utensil,,,Wood,,0,0,0,0,,,,,,,,,,,,,,,,,,,,,,,,,,,,,,,,,,,,,,,,,,,,,,,,,"Tanno, 1981",21-23,,,0,
Bamboo Horn,M97,Central African Foragers,Mbuti,Molimo,,,Alternative material for Molimo horn. Not elaborately decorated. Turnbull reports sound more important than appearance.,Musical Instrument,Ritual,,Grass/Reed,Bamboo,0,0,0,0,,,,,,,,,,,,,,,,,,,,,,,,,,,,,,,,,,,,,,,,,,,,,,,,,"Turnbull, 2015",127-128,,,1,